activity_id,assay_chembl_id,molecule_chembl_id,standard_type,standard_value,standard_units,standard_relation,published_value,published_units,published_relation,pchembl_value,activity_comment,data_validity_comment,confidence_score,ligand_efficiency,document_chembl_id,record_id,target_chembl_id,smiles
186615,CHEMBL859322,CHEMBL340330,EC50,3981.07,nM,=,,,,5.4,,,,,CHEMBL1148468,247527,CHEMBL2095198,CC(Cl)(Cl)C(NC(=O)c1cccc(F)c1)N/C(=N/c1cccnc1)NC#N
191466,CHEMBL859322,CHEMBL130849,EC50,10000.0,nM,=,,,,5.0,,,,,CHEMBL1148468,247532,CHEMBL2095198,C=CC(C)(C)CC(NC(=O)c1ccc(Cl)cc1)N/C(=N/c1cccnc1)NC#N
196122,CHEMBL859322,CHEMBL131352,EC50,5011.87,nM,=,,,,5.3,,,,,CHEMBL1148468,247533,CHEMBL2095198,CCC(CC)(CCC#N)C(NC(=O)c1ccc(Cl)cc1)N/C(=N/c1cccnc1)NC#N
197205,CHEMBL859322,CHEMBL128831,EC50,10000.0,nM,=,,,,5.0,,,,,CHEMBL1148468,247534,CHEMBL2095198,CC(Cl)(Cl)C(NC(=O)c1ccc(Br)cc1)N/C(=N/c1cccnc1)NC#N
198266,CHEMBL859322,CHEMBL128096,EC50,1000.0,nM,=,,,,6.0,,,,,CHEMBL1148468,247536,CHEMBL2095198,N#CN/C(=N\C(NC(=O)c1ccc(Cl)cc1)C(Cl)(Cl)Cl)Nc1cccnc1
199629,CHEMBL859322,CHEMBL128862,EC50,2511.89,nM,=,,,,5.6,,,,,CHEMBL1148468,247529,CHEMBL2095198,Cc1ccc(C(=O)NC(/N=C(\NC#N)Nc2cccnc2)C(C)(Cl)Cl)cc1
202146,CHEMBL859322,CHEMBL131453,EC50,31622.78,nM,=,,,,4.5,,,,,CHEMBL1148468,247520,CHEMBL2095198,CC(C)(C)C(NC(=O)c1ccc(Cl)cc1)N/C(=N/c1cccnc1)N[N+](=O)[O-]
203307,CHEMBL859322,CHEMBL128062,EC50,5011.87,nM,=,,,,5.3,,,,,CHEMBL1148468,247525,CHEMBL2095198,Cc1cccc(C(=O)NC(/N=C(\NC#N)Nc2cccnc2)C(C)(Cl)Cl)c1
206911,CHEMBL859322,CHEMBL335172,EC50,1995.26,nM,=,,,,5.7,,,,,CHEMBL1148468,247523,CHEMBL2095198,CC(Cl)(Cl)C(NC(=O)c1ccc(Cl)cc1)N/C(=N/c1cccnc1)NC#N
206913,CHEMBL859322,CHEMBL1788243,EC50,10000.0,nM,=,,,,5.0,,,,,CHEMBL1148468,247524,CHEMBL2095198,CC(Cl)(Cl)[C@H](NC(=O)c1ccc(Cl)cc1)N/C(=N/c1cccnc1)NC#N
208071,CHEMBL859322,CHEMBL132277,EC50,19952.62,nM,=,,,,4.7,,,,,CHEMBL1148468,247531,CHEMBL2095198,C=CCC(C)(C)C(NC(=O)c1ccc(Cl)cc1)N/C(=N/c1cccnc1)NC#N
208072,CHEMBL859322,CHEMBL339992,EC50,3981.07,nM,=,,,,5.4,,,,,CHEMBL1148468,247526,CHEMBL2095198,CC(Cl)(Cl)C(NC(=O)c1cc(F)cc(F)c1)N/C(=N/c1cccnc1)NC#N
210418,CHEMBL859322,CHEMBL421903,EC50,794.33,nM,=,,,,6.1,,,,,CHEMBL1148468,247519,CHEMBL2095198,O=C(NC(NC(=S)Nc1cccnc1)C(Cl)(Cl)Cl)c1ccc(Cl)cc1
213925,CHEMBL859322,CHEMBL129080,EC50,3162.28,nM,=,,,,5.5,,,,,CHEMBL1148468,247528,CHEMBL2095198,CC(Cl)(Cl)C(NC(=O)c1cccc(Cl)c1)N/C(=N/c1cccnc1)NC#N
215026,CHEMBL859322,CHEMBL127164,EC50,6309.57,nM,=,,,,5.2,,,,,CHEMBL1148468,247539,CHEMBL2095198,CC(C)(C)C(NC(=O)c1ccc(Cl)cc1)N/C(=N/c1cccnc1)NC#N
221049,CHEMBL859322,CHEMBL131347,EC50,2511.89,nM,=,,,,5.6,,,,,CHEMBL1148468,247540,CHEMBL2095198,CC(C)(C)C(NC(=O)c1ccc(Cl)cc1)N/C(S)=N/c1cccnc1
221052,CHEMBL859322,CHEMBL239512,EC50,316.23,nM,=,,,,6.5,,,,,CHEMBL1148468,247535,CHEMBL2095198,CC(Cl)(Cl)[C@@H](NC(=O)c1ccc(Cl)cc1)N/C(=N/C#N)Nc1cccnc1
306444,CHEMBL801445,CHEMBL12531,IC50,4300.0,nM,=,,,,5.37,,,,"{'bei': '11.37', 'le': '0.24', 'lle': '3.26', 'sei': '5.07'}",CHEMBL1134478,71626,CHEMBL2095198,CNC(=S)NS(=O)(=O)c1cc(CCNC(=O)c2cc(Cl)ccc2OC)ccc1OC
316822,CHEMBL805674,CHEMBL47088,Kd,5200.0,nM,=,,,,5.28,,,,"{'bei': '17.65', 'le': '0.34', 'lle': '2.10', 'sei': '11.18'}",CHEMBL1134478,71609,CHEMBL2095198,C/N=C(\S)C1(C(=O)c2ccc(-n3ccnc3)cc2)CCC1
316823,CHEMBL805673,CHEMBL47088,Kd,8500.0,nM,=,,,,5.07,,,,"{'bei': '16.94', 'le': '0.33', 'lle': '1.89', 'sei': '10.73'}",CHEMBL1134478,71609,CHEMBL2095198,C/N=C(\S)C1(C(=O)c2ccc(-n3ccnc3)cc2)CCC1
337284,CHEMBL805672,CHEMBL472,IC50,220.0,nM,=,,,,6.66,,,,"{'bei': '13.48', 'le': '0.28', 'lle': '3.02', 'sei': '5.86'}",CHEMBL1134478,71617,CHEMBL2095198,COc1ccc(Cl)cc1C(=O)NCCc1ccc(S(=O)(=O)NC(=O)NC2CCCCC2)cc1
475766,CHEMBL660002,CHEMBL93196,Ki,160.0,nM,=,,,,6.8,,,,"{'bei': '26.62', 'le': '0.49', 'lle': '4.21', 'sei': '8.09'}",CHEMBL1131338,170360,CHEMBL2095198,CCC(C)(C)/N=C(\NC#N)Nc1ccc(C#N)cc1
478143,CHEMBL660002,CHEMBL1159,Ki,320.0,nM,=,,,,6.5,,,,"{'bei': '26.47', 'le': '0.49', 'lle': '4.14', 'sei': '8.88'}",CHEMBL1131338,170346,CHEMBL2095198,CC(N/C(=N\C#N)Nc1ccncc1)C(C)(C)C
478147,CHEMBL660002,CHEMBL328082,Ki,480.0,nM,=,,,,6.32,,,,"{'bei': '26.19', 'le': '0.48', 'lle': '4.12', 'sei': '7.52'}",CHEMBL1131338,170359,CHEMBL2095198,CC(C)(C)/N=C(\NC#N)Nc1ccc(C#N)cc1
482001,CHEMBL660002,CHEMBL93834,Ki,350.0,nM,=,,,,6.46,,,,"{'bei': '23.97', 'le': '0.44', 'lle': '3.63', 'sei': '7.69'}",CHEMBL1131338,170354,CHEMBL2095198,CC(/N=C(\NC#N)Nc1cccc(C#N)c1)C(C)(C)C
483193,CHEMBL660002,CHEMBL328308,Ki,74.0,nM,=,,,,7.13,,,,"{'bei': '20.02', 'le': '0.54', 'lle': '3.81', 'sei': '11.84'}",CHEMBL1131338,170351,CHEMBL2095198,CCC(C)(C)/N=C(\NC#N)Nc1ccc(I)cc1
483197,CHEMBL660002,CHEMBL472,Ki,130.0,nM,=,,,,6.89,,,,"{'bei': '13.94', 'le': '0.28', 'lle': '3.25', 'sei': '6.06'}",CHEMBL1131338,170349,CHEMBL2095198,COc1ccc(Cl)cc1C(=O)NCCc1ccc(S(=O)(=O)NC(=O)NC2CCCCC2)cc1
491546,CHEMBL660002,CHEMBL93835,Ki,680.0,nM,=,,,,6.17,,,,"{'bei': '25.24', 'le': '0.47', 'lle': '3.21', 'sei': '10.24'}",CHEMBL1131338,170355,CHEMBL2095198,CC(/N=C(\NC#N)Nc1ccccc1)C(C)(C)C
492666,CHEMBL660002,CHEMBL11684,Ki,72000.0,nM,=,,,,4.14,,,,"{'bei': '14.47', 'le': '0.27', 'lle': '2.39', 'sei': '5.63'}",CHEMBL1131338,170348,CHEMBL2095198,CC1(C)Oc2ccc(C#N)cc2[C@H](N2CCCC2=O)[C@H]1O
493836,CHEMBL660002,CHEMBL11684,Ki,1100.0,nM,=,,,,5.96,,,,"{'bei': '20.81', 'le': '0.39', 'lle': '4.21', 'sei': '8.10'}",CHEMBL1131338,170350,CHEMBL2095198,CC1(C)Oc2ccc(C#N)cc2[C@H](N2CCCC2=O)[C@H]1O
496051,CHEMBL660002,CHEMBL11458,Ki,27.0,nM,=,,,,7.57,,,,"{'bei': '32.72', 'le': '0.61', 'lle': '5.46', 'sei': '10.35'}",CHEMBL1131338,170361,CHEMBL2095198,CCC(C)(C)/N=C(\NC#N)Nc1cccnc1
497199,CHEMBL660002,CHEMBL19169,Ki,99.0,nM,=,,,,7.0,,,,"{'bei': '26.00', 'le': '0.48', 'lle': '4.17', 'sei': '8.34'}",CHEMBL1131338,170356,CHEMBL2095198,CC(/N=C(\NC#N)Nc1ccc(C#N)cc1)C(C)(C)C
502098,CHEMBL660002,CHEMBL93344,Ki,57.0,nM,=,,,,7.24,,,,"{'bei': '18.24', 'le': '0.47', 'lle': '2.98', 'sei': '6.65'}",CHEMBL1131338,170347,CHEMBL2095198,CCC(C)(C)/N=C(\NC#N)Nc1ccc(I)c(N=[N+]=[N-])c1
503412,CHEMBL660002,CHEMBL90665,Ki,7300.0,nM,=,,,,5.14,,,,"{'bei': '22.60', 'le': '0.41', 'lle': '3.33', 'sei': '6.12'}",CHEMBL1131338,170358,CHEMBL2095198,CC(C)/N=C(\NC#N)Nc1ccc(C#N)cc1
1115014,CHEMBL700931,CHEMBL18861,EC50,398.11,nM,=,,,,6.4,,,,,CHEMBL1148468,247541,CHEMBL2095198,C[C@](O)(C(=O)Nc1ccc(C(=O)c2ccccc2)cc1)C(F)(F)F
1779477,CHEMBL908895,CHEMBL217511,EC50,45.71,nM,=,,,,7.34,,,,,CHEMBL1137338,593546,CHEMBL2095198,O=C1COCC2=C1C(c1ccc(F)c(Br)c1)C1=C(O)OCC1=N2
1779479,CHEMBL908895,CHEMBL218515,EC50,933.25,nM,=,,,,6.03,,,,,CHEMBL1137338,593566,CHEMBL2095198,CC[C@@H]1OCC(=O)C2=C1N=C1COC(O)=C1[C@@H]2c1ccc(F)c(Br)c1
1779480,CHEMBL908895,CHEMBL216284,EC50,18.2,nM,=,,,,7.74,,,,,CHEMBL1137338,593565,CHEMBL2095198,CC[C@H]1OCC(=O)C2=C1N=C1COC(O)=C1[C@@H]2c1ccc(F)c(Br)c1
1779481,CHEMBL908895,CHEMBL217696,EC50,120.23,nM,=,,,,6.92,,,,,CHEMBL1137338,593564,CHEMBL2095198,CC1(C)OCC(=O)C2=C1N=C1COC(O)=C1C2c1ccc(F)c(Br)c1
1779482,CHEMBL908895,CHEMBL385908,EC50,102.33,nM,=,,,,6.99,,,,,CHEMBL1137338,593563,CHEMBL2095198,C[C@@H]1OCC(=O)C2=C1N=C1COC(O)=C1[C@@H]2c1ccc(F)c(Br)c1
1779483,CHEMBL908895,CHEMBL413532,EC50,1.82,nM,=,,,,8.74,,,,,CHEMBL1137338,593562,CHEMBL2095198,C[C@H]1OCC(=O)C2=C1N=C1COC(O)=C1[C@@H]2c1ccc(F)c(Br)c1
1779484,CHEMBL908895,CHEMBL384537,EC50,1023.29,nM,=,,,,5.99,,,,,CHEMBL1137338,593561,CHEMBL2095198,CC[C@H]1OCC2=C(C1=O)[C@@H](c1ccc(F)c(Br)c1)C1=C(O)OCC1=N2
1779485,CHEMBL908895,CHEMBL215681,EC50,1380.38,nM,=,,,,5.86,,,,,CHEMBL1137338,593560,CHEMBL2095198,CC[C@@H]1OCC2=C(C1=O)[C@@H](c1ccc(F)c(Br)c1)C1=C(O)OCC1=N2
1779486,CHEMBL908895,CHEMBL215681,EC50,776.25,nM,=,,,,6.11,,,,,CHEMBL1137338,593559,CHEMBL2095198,CC[C@@H]1OCC2=C(C1=O)[C@@H](c1ccc(F)c(Br)c1)C1=C(O)OCC1=N2
1779488,CHEMBL908895,CHEMBL386582,EC50,2818.38,nM,=,,,,5.55,,,,,CHEMBL1137338,593557,CHEMBL2095198,CC1(C)OCC2=C(C1=O)C(c1ccc(F)c(Br)c1)C1=C(O)OCC1=N2
1779489,CHEMBL908895,CHEMBL386582,EC50,26.92,nM,=,,,,7.57,,,,,CHEMBL1137338,593556,CHEMBL2095198,CC1(C)OCC2=C(C1=O)C(c1ccc(F)c(Br)c1)C1=C(O)OCC1=N2
1779490,CHEMBL908895,CHEMBL386582,EC50,23.99,nM,=,,,,7.62,,,,,CHEMBL1137338,593555,CHEMBL2095198,CC1(C)OCC2=C(C1=O)C(c1ccc(F)c(Br)c1)C1=C(O)OCC1=N2
1779491,CHEMBL908895,CHEMBL386126,EC50,295.12,nM,=,,,,6.53,,,,,CHEMBL1137338,593554,CHEMBL2095198,C[C@@H]1OCC2=C(C1=O)[C@H](c1ccc(F)c(Br)c1)C1=C(O)OCC1=N2
1779492,CHEMBL908895,CHEMBL386126,EC50,72.44,nM,=,,,,7.14,,,,,CHEMBL1137338,593553,CHEMBL2095198,C[C@@H]1OCC2=C(C1=O)[C@H](c1ccc(F)c(Br)c1)C1=C(O)OCC1=N2
1779493,CHEMBL908895,CHEMBL386126,EC50,457.09,nM,=,,,,6.34,,,,,CHEMBL1137338,593552,CHEMBL2095198,C[C@@H]1OCC2=C(C1=O)[C@H](c1ccc(F)c(Br)c1)C1=C(O)OCC1=N2
1779494,CHEMBL908895,CHEMBL425087,EC50,512.86,nM,=,,,,6.29,,,,,CHEMBL1137338,593551,CHEMBL2095198,C[C@@H]1OCC2=C(C1=O)[C@@H](c1ccc(F)c(Br)c1)C1=C(O)OCC1=N2
1779495,CHEMBL908895,CHEMBL425087,EC50,173.78,nM,=,,,,6.76,,,,,CHEMBL1137338,593550,CHEMBL2095198,C[C@@H]1OCC2=C(C1=O)[C@@H](c1ccc(F)c(Br)c1)C1=C(O)OCC1=N2
1779496,CHEMBL908895,CHEMBL425087,EC50,501.19,nM,=,,,,6.3,,,,,CHEMBL1137338,593549,CHEMBL2095198,C[C@@H]1OCC2=C(C1=O)[C@@H](c1ccc(F)c(Br)c1)C1=C(O)OCC1=N2
1779497,CHEMBL908895,CHEMBL217511,EC50,37.15,nM,=,,,,7.43,,,,,CHEMBL1137338,593548,CHEMBL2095198,O=C1COCC2=C1C(c1ccc(F)c(Br)c1)C1=C(O)OCC1=N2
1779498,CHEMBL908895,CHEMBL2112487,EC50,63.1,nM,=,,,,7.2,,,,,CHEMBL1137338,593547,CHEMBL2095198,O=C1COCC2=C1[C@@H](c1ccc(F)c(Br)c1)C1=C(COC1=O)N2
1779518,CHEMBL908895,CHEMBL384576,EC50,27.54,nM,=,,,,7.56,,,,,CHEMBL1137338,593596,CHEMBL2095198,CC(C)C[C@@H]1OC(O)=C2C1=NC1=C(C(=O)COC1)[C@H]2c1ccc(F)c(Br)c1
1779519,CHEMBL908895,CHEMBL386843,EC50,851.14,nM,=,,,,6.07,,,,,CHEMBL1137338,593595,CHEMBL2095198,CCCC[C@H]1OC(O)=C2C1=NC1=C(C(=O)COC1)[C@H]2c1ccc(F)c(Br)c1
1779520,CHEMBL908895,CHEMBL386843,EC50,5128.61,nM,=,,,,5.29,,,,,CHEMBL1137338,593594,CHEMBL2095198,CCCC[C@H]1OC(O)=C2C1=NC1=C(C(=O)COC1)[C@H]2c1ccc(F)c(Br)c1
1779521,CHEMBL908895,CHEMBL386843,EC50,2187.76,nM,=,,,,5.66,,,,,CHEMBL1137338,593593,CHEMBL2095198,CCCC[C@H]1OC(O)=C2C1=NC1=C(C(=O)COC1)[C@H]2c1ccc(F)c(Br)c1
1779522,CHEMBL908895,CHEMBL386323,EC50,29.51,nM,=,,,,7.53,,,,,CHEMBL1137338,593592,CHEMBL2095198,CCCC[C@@H]1OC(O)=C2C1=NC1=C(C(=O)COC1)[C@H]2c1ccc(F)c(Br)c1
1779525,CHEMBL908895,CHEMBL216546,EC50,22.91,nM,=,,,,7.64,,,,,CHEMBL1137338,593589,CHEMBL2095198,COC[C@H]1OC(O)=C2C1=NC1=C(C(=O)COC1)[C@H]2c1ccc(F)c(Br)c1
1779526,CHEMBL908895,CHEMBL216546,EC50,478.63,nM,=,,,,6.32,,,,,CHEMBL1137338,593588,CHEMBL2095198,COC[C@H]1OC(O)=C2C1=NC1=C(C(=O)COC1)[C@H]2c1ccc(F)c(Br)c1
1779527,CHEMBL908895,CHEMBL216546,EC50,22.91,nM,=,,,,7.64,,,,,CHEMBL1137338,593587,CHEMBL2095198,COC[C@H]1OC(O)=C2C1=NC1=C(C(=O)COC1)[C@H]2c1ccc(F)c(Br)c1
1779528,CHEMBL908895,CHEMBL386363,EC50,9.772,nM,=,,,,8.01,,,,,CHEMBL1137338,593586,CHEMBL2095198,COC[C@@H]1OC(O)=C2C1=NC1=C(C(=O)COC1)[C@H]2c1ccc(F)c(Br)c1
1779529,CHEMBL908895,CHEMBL214841,EC50,27.54,nM,=,,,,7.56,,,,,CHEMBL1137338,593585,CHEMBL2095198,CCC[C@H]1OC(O)=C2C1=NC1=C(C(=O)COC1)[C@H]2c1ccc(F)c(Br)c1
1779530,CHEMBL908895,CHEMBL214841,EC50,3235.94,nM,=,,,,5.49,,,,,CHEMBL1137338,593584,CHEMBL2095198,CCC[C@H]1OC(O)=C2C1=NC1=C(C(=O)COC1)[C@H]2c1ccc(F)c(Br)c1
1779531,CHEMBL908895,CHEMBL214841,EC50,154.88,nM,=,,,,6.81,,,,,CHEMBL1137338,593583,CHEMBL2095198,CCC[C@H]1OC(O)=C2C1=NC1=C(C(=O)COC1)[C@H]2c1ccc(F)c(Br)c1
1779532,CHEMBL908895,CHEMBL218564,EC50,3.715,nM,=,,,,8.43,,,,,CHEMBL1137338,593582,CHEMBL2095198,CCC[C@@H]1OC(O)=C2C1=NC1=C(C(=O)COC1)[C@H]2c1ccc(F)c(Br)c1
1779533,CHEMBL908895,CHEMBL218564,EC50,1.0,nM,=,,,,9.0,,,,,CHEMBL1137338,593581,CHEMBL2095198,CCC[C@@H]1OC(O)=C2C1=NC1=C(C(=O)COC1)[C@H]2c1ccc(F)c(Br)c1
1779534,CHEMBL908895,CHEMBL218564,EC50,5.129,nM,=,,,,8.29,,,,,CHEMBL1137338,593580,CHEMBL2095198,CCC[C@@H]1OC(O)=C2C1=NC1=C(C(=O)COC1)[C@H]2c1ccc(F)c(Br)c1
1779535,CHEMBL908895,CHEMBL215375,EC50,169.82,nM,=,,,,6.77,,,,,CHEMBL1137338,593579,CHEMBL2095198,CC[C@H]1OC(O)=C2C1=NC1=C(C(=O)COC1)[C@H]2c1ccc(F)c(Br)c1
1779536,CHEMBL908895,CHEMBL215375,EC50,7244.36,nM,=,,,,5.14,,,,,CHEMBL1137338,593578,CHEMBL2095198,CC[C@H]1OC(O)=C2C1=NC1=C(C(=O)COC1)[C@H]2c1ccc(F)c(Br)c1
1779537,CHEMBL908895,CHEMBL215375,EC50,95.5,nM,=,,,,7.02,,,,,CHEMBL1137338,593577,CHEMBL2095198,CC[C@H]1OC(O)=C2C1=NC1=C(C(=O)COC1)[C@H]2c1ccc(F)c(Br)c1
1779538,CHEMBL908895,CHEMBL384564,EC50,144.54,nM,=,,,,6.84,,,,,CHEMBL1137338,593576,CHEMBL2095198,CC[C@@H]1OC(O)=C2C1=NC1=C(C(=O)COC1)[C@H]2c1ccc(F)c(Br)c1
1779539,CHEMBL908895,CHEMBL384564,EC50,3.89,nM,=,,,,8.41,,,,,CHEMBL1137338,593575,CHEMBL2095198,CC[C@@H]1OC(O)=C2C1=NC1=C(C(=O)COC1)[C@H]2c1ccc(F)c(Br)c1
1779540,CHEMBL908895,CHEMBL384564,EC50,35.48,nM,=,,,,7.45,,,,,CHEMBL1137338,593574,CHEMBL2095198,CC[C@@H]1OC(O)=C2C1=NC1=C(C(=O)COC1)[C@H]2c1ccc(F)c(Br)c1
1779541,CHEMBL908895,CHEMBL261996,EC50,26.92,nM,=,,,,7.57,,,,,CHEMBL1137338,593573,CHEMBL2095198,CC1(C)OC(O)=C2C1=NC1=C(C(=O)COC1)C2c1ccc(F)c(Br)c1
1779542,CHEMBL908895,CHEMBL215996,EC50,257.04,nM,=,,,,6.59,,,,,CHEMBL1137338,593572,CHEMBL2095198,C[C@H]1OC(O)=C2C1=NC1=C(C(=O)COC1)[C@H]2c1ccc(F)c(Br)c1
1779543,CHEMBL908895,CHEMBL215996,EC50,64.57,nM,=,,,,7.19,,,,,CHEMBL1137338,593571,CHEMBL2095198,C[C@H]1OC(O)=C2C1=NC1=C(C(=O)COC1)[C@H]2c1ccc(F)c(Br)c1
1779544,CHEMBL908895,CHEMBL215996,EC50,1000.0,nM,=,,,,6.0,,,,,CHEMBL1137338,593570,CHEMBL2095198,C[C@H]1OC(O)=C2C1=NC1=C(C(=O)COC1)[C@H]2c1ccc(F)c(Br)c1
1779545,CHEMBL908895,CHEMBL426334,EC50,51.29,nM,=,,,,7.29,,,,,CHEMBL1137338,593569,CHEMBL2095198,C[C@@H]1OC(O)=C2C1=NC1=C(C(=O)COC1)[C@H]2c1ccc(F)c(Br)c1
1779546,CHEMBL908895,CHEMBL426334,EC50,0.912,nM,=,,,,9.04,,,,,CHEMBL1137338,593568,CHEMBL2095198,C[C@@H]1OC(O)=C2C1=NC1=C(C(=O)COC1)[C@H]2c1ccc(F)c(Br)c1
1779547,CHEMBL908895,CHEMBL426334,EC50,5.495,nM,=,,,,8.26,,,,,CHEMBL1137338,593567,CHEMBL2095198,C[C@@H]1OC(O)=C2C1=NC1=C(C(=O)COC1)[C@H]2c1ccc(F)c(Br)c1
1779606,CHEMBL908895,CHEMBL217033,EC50,218.78,nM,=,,,,6.66,,,,,CHEMBL1137338,593629,CHEMBL2095198,CCC[C@H]1OC(O)=C2C1=NC1=C(C(=O)COC1)[C@H]2c1ccc(C)c(Br)c1
1779607,CHEMBL908895,CHEMBL217033,EC50,3467.37,nM,=,,,,5.46,,,,,CHEMBL1137338,593628,CHEMBL2095198,CCC[C@H]1OC(O)=C2C1=NC1=C(C(=O)COC1)[C@H]2c1ccc(C)c(Br)c1
1779608,CHEMBL908895,CHEMBL217033,EC50,398.11,nM,=,,,,6.4,,,,,CHEMBL1137338,593627,CHEMBL2095198,CCC[C@H]1OC(O)=C2C1=NC1=C(C(=O)COC1)[C@H]2c1ccc(C)c(Br)c1
1779609,CHEMBL908895,CHEMBL215026,EC50,125.89,nM,=,,,,6.9,,,,,CHEMBL1137338,593626,CHEMBL2095198,CCC[C@H]1OC(O)=C2C1=NC1=C(C(=O)COC1)[C@H]2c1ccc(Br)c(Br)c1
1779610,CHEMBL908895,CHEMBL215026,EC50,1148.15,nM,=,,,,5.94,,,,,CHEMBL1137338,593625,CHEMBL2095198,CCC[C@H]1OC(O)=C2C1=NC1=C(C(=O)COC1)[C@H]2c1ccc(Br)c(Br)c1
1779611,CHEMBL908895,CHEMBL215026,EC50,331.13,nM,=,,,,6.48,,,,,CHEMBL1137338,593624,CHEMBL2095198,CCC[C@H]1OC(O)=C2C1=NC1=C(C(=O)COC1)[C@H]2c1ccc(Br)c(Br)c1
1779612,CHEMBL908895,CHEMBL383900,EC50,436.52,nM,=,,,,6.36,,,,,CHEMBL1137338,593623,CHEMBL2095198,CCC[C@H]1OC(O)=C2C1=NC1=C(C(=O)COC1)[C@H]2c1ccc(Br)c(Cl)c1
1779613,CHEMBL908895,CHEMBL383900,EC50,1047.13,nM,=,,,,5.98,,,,,CHEMBL1137338,593622,CHEMBL2095198,CCC[C@H]1OC(O)=C2C1=NC1=C(C(=O)COC1)[C@H]2c1ccc(Br)c(Cl)c1
1779614,CHEMBL908895,CHEMBL383900,EC50,426.58,nM,=,,,,6.37,,,,,CHEMBL1137338,593621,CHEMBL2095198,CCC[C@H]1OC(O)=C2C1=NC1=C(C(=O)COC1)[C@H]2c1ccc(Br)c(Cl)c1
1779615,CHEMBL908895,CHEMBL215124,EC50,151.36,nM,=,,,,6.82,,,,,CHEMBL1137338,593620,CHEMBL2095198,CCC[C@H]1OC(O)=C2C1=NC1=C(C(=O)COC1)[C@H]2c1ccc(Cl)c(Br)c1
1779616,CHEMBL908895,CHEMBL215124,EC50,812.83,nM,=,,,,6.09,,,,,CHEMBL1137338,593619,CHEMBL2095198,CCC[C@H]1OC(O)=C2C1=NC1=C(C(=O)COC1)[C@H]2c1ccc(Cl)c(Br)c1
1779617,CHEMBL908895,CHEMBL215124,EC50,173.78,nM,=,,,,6.76,,,,,CHEMBL1137338,593618,CHEMBL2095198,CCC[C@H]1OC(O)=C2C1=NC1=C(C(=O)COC1)[C@H]2c1ccc(Cl)c(Br)c1
1779618,CHEMBL908895,CHEMBL214892,EC50,1995.26,nM,=,,,,5.7,,,,,CHEMBL1137338,593617,CHEMBL2095198,CCC[C@H]1OC(O)=C2C1=NC1=C(C(=O)COC1)[C@H]2c1ccc(Cl)c(Cl)c1
1779619,CHEMBL908895,CHEMBL214892,EC50,1318.26,nM,=,,,,5.88,,,,,CHEMBL1137338,593616,CHEMBL2095198,CCC[C@H]1OC(O)=C2C1=NC1=C(C(=O)COC1)[C@H]2c1ccc(Cl)c(Cl)c1
1779620,CHEMBL908895,CHEMBL214892,EC50,602.56,nM,=,,,,6.22,,,,,CHEMBL1137338,593615,CHEMBL2095198,CCC[C@H]1OC(O)=C2C1=NC1=C(C(=O)COC1)[C@H]2c1ccc(Cl)c(Cl)c1
1779621,CHEMBL908895,CHEMBL426160,EC50,26.92,nM,=,,,,7.57,,,,,CHEMBL1137338,593614,CHEMBL2095198,CCC[C@H]1OC(O)=C2C1=NC1=C(C(=O)COC1)[C@H]2c1ccc(F)c(I)c1
1779622,CHEMBL908895,CHEMBL426160,EC50,1949.84,nM,=,,,,5.71,,,,,CHEMBL1137338,593613,CHEMBL2095198,CCC[C@H]1OC(O)=C2C1=NC1=C(C(=O)COC1)[C@H]2c1ccc(F)c(I)c1
1779623,CHEMBL908895,CHEMBL426160,EC50,75.86,nM,=,,,,7.12,,,,,CHEMBL1137338,593612,CHEMBL2095198,CCC[C@H]1OC(O)=C2C1=NC1=C(C(=O)COC1)[C@H]2c1ccc(F)c(I)c1
1779624,CHEMBL908895,CHEMBL214566,EC50,91.2,nM,=,,,,7.04,,,,,CHEMBL1137338,593611,CHEMBL2095198,CCC[C@H]1OC(O)=C2C1=NC1=C(C(=O)COC1)[C@H]2c1ccc(F)c(Cl)c1
1779625,CHEMBL908895,CHEMBL214566,EC50,3388.44,nM,=,,,,5.47,,,,,CHEMBL1137338,593610,CHEMBL2095198,CCC[C@H]1OC(O)=C2C1=NC1=C(C(=O)COC1)[C@H]2c1ccc(F)c(Cl)c1
1779626,CHEMBL908895,CHEMBL214566,EC50,67.61,nM,=,,,,7.17,,,,,CHEMBL1137338,593609,CHEMBL2095198,CCC[C@H]1OC(O)=C2C1=NC1=C(C(=O)COC1)[C@H]2c1ccc(F)c(Cl)c1
1779628,CHEMBL908895,CHEMBL384173,EC50,1584.89,nM,=,,,,5.8,,,,,CHEMBL1137338,593607,CHEMBL2095198,CC[C@H]1OC(O)=C2C1=NC1=C(C(=O)COC1(C)C)[C@H]2c1ccc(F)c(Br)c1
1779629,CHEMBL908895,CHEMBL384173,EC50,3467.37,nM,=,,,,5.46,,,,,CHEMBL1137338,593606,CHEMBL2095198,CC[C@H]1OC(O)=C2C1=NC1=C(C(=O)COC1(C)C)[C@H]2c1ccc(F)c(Br)c1
1779630,CHEMBL908895,CHEMBL409831,EC50,1737.8,nM,=,,,,5.76,,,,,CHEMBL1137338,593605,CHEMBL2095198,CC[C@@H]1OC(O)=C2C1=NC1=C(C(=O)COC1(C)C)[C@H]2c1ccc(F)c(Br)c1
1779631,CHEMBL908895,CHEMBL426874,EC50,281.84,nM,=,,,,6.55,,,,,CHEMBL1137338,593604,CHEMBL2095198,CC[C@H]1OC(O)=C2C1=NC1=C(C(=O)C(C)(C)OC1)[C@H]2c1ccc(F)c(Br)c1
1779632,CHEMBL908895,CHEMBL265269,EC50,14.45,nM,=,,,,7.84,,,,,CHEMBL1137338,593603,CHEMBL2095198,CC[C@@H]1OC(O)=C2C1=NC1=C(C(=O)C(C)(C)OC1)[C@H]2c1ccc(F)c(Br)c1
1779633,CHEMBL908895,CHEMBL386628,EC50,257.04,nM,=,,,,6.59,,,,,CHEMBL1137338,593602,CHEMBL2095198,O=C1COCC2=C1[C@@H](c1ccc(F)c(Br)c1)C1=C(O)O[C@@H](c3ccccc3)C1=N2
1779634,CHEMBL908895,CHEMBL386228,EC50,10000.0,nM,=,,,,5.0,,,,,CHEMBL1137338,593599,CHEMBL2095198,CC(C)C[C@H]1OC(O)=C2C1=NC1=C(C(=O)COC1)[C@H]2c1ccc(F)c(Br)c1
1779635,CHEMBL908895,CHEMBL386228,EC50,2511.89,nM,=,,,,5.6,,,,,CHEMBL1137338,593598,CHEMBL2095198,CC(C)C[C@H]1OC(O)=C2C1=NC1=C(C(=O)COC1)[C@H]2c1ccc(F)c(Br)c1
1779638,CHEMBL908895,CHEMBL426874,EC50,436.52,nM,=,,,,6.36,,,,,CHEMBL1137338,593685,CHEMBL2095198,CC[C@H]1OC(O)=C2C1=NC1=C(C(=O)C(C)(C)OC1)[C@H]2c1ccc(F)c(Br)c1
1779640,CHEMBL908895,CHEMBL426874,EC50,549.54,nM,=,,,,6.26,,,,,CHEMBL1137338,593686,CHEMBL2095198,CC[C@H]1OC(O)=C2C1=NC1=C(C(=O)C(C)(C)OC1)[C@H]2c1ccc(F)c(Br)c1
1779660,CHEMBL908895,CHEMBL11458,EC50,52.48,nM,=,,,,7.28,,,,,CHEMBL1137338,593634,CHEMBL2095198,CCC(C)(C)/N=C(\NC#N)Nc1cccnc1
1779661,CHEMBL908895,CHEMBL3138607,EC50,158.49,nM,=,,,,6.8,,,,,CHEMBL1137338,593633,CHEMBL2095198,O=C1CCCC2=C1[C@H](c1ccc(F)c(Br)c1)C1=C(CCS1(=O)=O)N2
1779662,CHEMBL908895,CHEMBL2062142,EC50,2344.23,nM,=,,,,5.63,,,,,CHEMBL1137338,593632,CHEMBL2095198,CCc1cc(C#N)ccc1Nc1c(N[C@H](C)C(C)(C)C)c(=O)c1=O
1779663,CHEMBL908895,CHEMBL11684,EC50,602.56,nM,=,,,,6.22,,,,,CHEMBL1137338,593631,CHEMBL2095198,CC1(C)Oc2ccc(C#N)cc2[C@H](N2CCCC2=O)[C@H]1O
1779664,CHEMBL908895,CHEMBL18861,EC50,1348.96,nM,=,,,,5.87,,,,,CHEMBL1137338,593630,CHEMBL2095198,C[C@](O)(C(=O)Nc1ccc(C(=O)c2ccccc2)cc1)C(F)(F)F
1779716,CHEMBL908895,CHEMBL384926,EC50,512.86,nM,=,,,,6.29,,,,,CHEMBL1137338,593652,CHEMBL2095198,CC[C@H]1CC(O)=C2C1=NC1COCC(=O)C1[C@H]2c1ccc(F)c(Br)c1
1779717,CHEMBL908895,CHEMBL214561,EC50,1.175,nM,=,,,,8.93,,,,,CHEMBL1137338,593651,CHEMBL2095198,CC[C@@H]1CC(O)=C2C1=NC1=C(C(=O)COC1)[C@H]2c1ccc(F)c(Br)c1
1779720,CHEMBL908895,CHEMBL215112,EC50,316.23,nM,=,,,,6.5,,,,,CHEMBL1137338,593648,CHEMBL2095198,C[C@@H]1C2=C(C(=O)N1C)[C@H](c1ccc(F)c(Br)c1)C1=C(O)COCC1=N2
1779721,CHEMBL908895,CHEMBL217810,EC50,2.754,nM,=,,,,8.56,,,,,CHEMBL1137338,593647,CHEMBL2095198,C[C@H]1C2=C(C(=O)N1C)[C@H](c1ccc(F)c(Br)c1)C1C(=O)COCC1N2
1779722,CHEMBL908895,CHEMBL3138599,EC50,223.87,nM,=,,,,6.65,,,,,CHEMBL1137338,593646,CHEMBL2095198,C[C@H]1OC(=O)C2=C1NC1=C([C@H]2c2ccc(F)c(Br)c2)S(=O)(=O)CCC1
1779723,CHEMBL908895,CHEMBL3138600,EC50,56.23,nM,=,,,,7.25,,,,,CHEMBL1137338,593645,CHEMBL2095198,C[C@@H]1OC(=O)C2=C1NC1=C([C@H]2c2ccc(F)c(Br)c2)S(=O)(=O)CCC1
1779724,CHEMBL908895,CHEMBL3138575,EC50,407.38,nM,=,,,,6.39,,,,,CHEMBL1137338,593644,CHEMBL2095198,C[C@H]1OC(=O)C2=C1NC1=C([C@H]2c2ccc(F)c(Br)c2)S(=O)(=O)CC1
1779725,CHEMBL908895,CHEMBL3138574,EC50,134.9,nM,=,,,,6.87,,,,,CHEMBL1137338,593643,CHEMBL2095198,C[C@@H]1OC(=O)C2=C1NC1=C([C@H]2c2ccc(F)c(Br)c2)S(=O)(=O)CC1
1779726,CHEMBL908895,CHEMBL384078,EC50,102.33,nM,=,,,,6.99,,,,,CHEMBL1137338,593642,CHEMBL2095198,CC[C@H]1OC(O)=C2C1=NC1=C(C(=O)CSC1)[C@H]2c1ccc(F)c(Br)c1
1779727,CHEMBL908895,CHEMBL215027,EC50,154.88,nM,=,,,,6.81,,,,,CHEMBL1137338,593641,CHEMBL2095198,CC[C@@H]1OC(O)=C2C1=NC1=C(C(=O)CSC1)[C@H]2c1ccc(F)c(Br)c1
1779728,CHEMBL908895,CHEMBL214928,EC50,5011.87,nM,=,,,,5.3,,,,,CHEMBL1137338,593640,CHEMBL2095198,CC[C@H]1OC(O)=C2C1=NC1=C(C(=O)OCC1)[C@H]2c1ccc(F)c(Br)c1
1779729,CHEMBL908895,CHEMBL214669,EC50,323.59,nM,=,,,,6.49,,,,,CHEMBL1137338,593639,CHEMBL2095198,CC[C@@H]1OC(O)=C2C1=NC1=C(C(=O)OCC1)[C@H]2c1ccc(F)c(Br)c1
1779730,CHEMBL908895,CHEMBL424726,EC50,72.44,nM,=,,,,7.14,,,,,CHEMBL1137338,593638,CHEMBL2095198,CC[C@H]1OC(O)=C2C1=NC1=C(C(=O)OC1)[C@H]2c1ccc(F)c(Br)c1
1779731,CHEMBL908895,CHEMBL217847,EC50,6.026,nM,=,,,,8.22,,,,,CHEMBL1137338,593637,CHEMBL2095198,CC[C@@H]1OC(O)=C2C1=NC1=C(C(=O)OC1)[C@H]2c1ccc(F)c(Br)c1
1779732,CHEMBL908895,CHEMBL408199,EC50,251.19,nM,=,,,,6.6,,,,,CHEMBL1137338,593636,CHEMBL2095198,CC[C@H]1OC(O)=C2C1=NC1=C(C(=O)CCC1)[C@H]2c1ccc(F)c(Br)c1
1779733,CHEMBL908895,CHEMBL412838,EC50,56.23,nM,=,,,,7.25,,,,,CHEMBL1137338,593635,CHEMBL2095198,CC[C@@H]1OC(O)=C2C1=NC1=C(C(=O)CCC1)[C@H]2c1ccc(F)c(Br)c1
1779736,CHEMBL908895,CHEMBL214672,EC50,5623.41,nM,=,,,,5.25,,,,,CHEMBL1137338,593684,CHEMBL2095198,CC[C@H]1OCC(O)=C2C1=NC1=C(C(=O)COC1)[C@H]2c1ccc(C)c(Br)c1
1779737,CHEMBL908895,CHEMBL214672,EC50,724.44,nM,=,,,,6.14,,,,,CHEMBL1137338,593683,CHEMBL2095198,CC[C@H]1OCC(O)=C2C1=NC1=C(C(=O)COC1)[C@H]2c1ccc(C)c(Br)c1
1779752,CHEMBL908895,CHEMBL214672,EC50,1584.89,nM,=,,,,5.8,,,,,CHEMBL1137338,593682,CHEMBL2095198,CC[C@H]1OCC(O)=C2C1=NC1=C(C(=O)COC1)[C@H]2c1ccc(C)c(Br)c1
1779753,CHEMBL908895,CHEMBL386136,EC50,426.58,nM,=,,,,6.37,,,,,CHEMBL1137338,593681,CHEMBL2095198,CC[C@H]1OCC(O)=C2C1=NC1=C(C(=O)COC1)[C@H]2c1ccc(Br)c(Br)c1
1779754,CHEMBL908895,CHEMBL386136,EC50,309.03,nM,=,,,,6.51,,,,,CHEMBL1137338,593680,CHEMBL2095198,CC[C@H]1OCC(O)=C2C1=NC1=C(C(=O)COC1)[C@H]2c1ccc(Br)c(Br)c1
1779755,CHEMBL908895,CHEMBL386136,EC50,134.9,nM,=,,,,6.87,,,,,CHEMBL1137338,593679,CHEMBL2095198,CC[C@H]1OCC(O)=C2C1=NC1=C(C(=O)COC1)[C@H]2c1ccc(Br)c(Br)c1
1779756,CHEMBL908895,CHEMBL387063,EC50,245.47,nM,=,,,,6.61,,,,,CHEMBL1137338,593678,CHEMBL2095198,CC[C@H]1OCC(O)=C2C1=NC1=C(C(=O)COC1)[C@H]2c1ccc(Br)c(Cl)c1
1779757,CHEMBL908895,CHEMBL387063,EC50,1621.81,nM,=,,,,5.79,,,,,CHEMBL1137338,593677,CHEMBL2095198,CC[C@H]1OCC(O)=C2C1=NC1=C(C(=O)COC1)[C@H]2c1ccc(Br)c(Cl)c1
1779758,CHEMBL908895,CHEMBL387063,EC50,1000.0,nM,=,,,,6.0,,,,,CHEMBL1137338,593676,CHEMBL2095198,CC[C@H]1OCC(O)=C2C1=NC1=C(C(=O)COC1)[C@H]2c1ccc(Br)c(Cl)c1
1779759,CHEMBL908895,CHEMBL213867,EC50,5495.41,nM,=,,,,5.26,,,,,CHEMBL1137338,593675,CHEMBL2095198,CC[C@H]1OCC(O)=C2C1=NC1=C(C(=O)COC1)[C@H]2c1ccc(Cl)c(Br)c1
1779760,CHEMBL908895,CHEMBL213867,EC50,758.58,nM,=,,,,6.12,,,,,CHEMBL1137338,593674,CHEMBL2095198,CC[C@H]1OCC(O)=C2C1=NC1=C(C(=O)COC1)[C@H]2c1ccc(Cl)c(Br)c1
1779761,CHEMBL908895,CHEMBL213867,EC50,1621.81,nM,=,,,,5.79,,,,,CHEMBL1137338,593673,CHEMBL2095198,CC[C@H]1OCC(O)=C2C1=NC1=C(C(=O)COC1)[C@H]2c1ccc(Cl)c(Br)c1
1779762,CHEMBL908895,CHEMBL216256,EC50,169.82,nM,=,,,,6.77,,,,,CHEMBL1137338,593672,CHEMBL2095198,CC[C@H]1OCC(O)=C2C1=NC1=C(C(=O)COC1)[C@H]2c1ccc(Cl)c(Cl)c1
1779763,CHEMBL908895,CHEMBL216256,EC50,467.74,nM,=,,,,6.33,,,,,CHEMBL1137338,593671,CHEMBL2095198,CC[C@H]1OCC(O)=C2C1=NC1=C(C(=O)COC1)[C@H]2c1ccc(Cl)c(Cl)c1
1779764,CHEMBL908895,CHEMBL216256,EC50,104.71,nM,=,,,,6.98,,,,,CHEMBL1137338,593670,CHEMBL2095198,CC[C@H]1OCC(O)=C2C1=NC1=C(C(=O)COC1)[C@H]2c1ccc(Cl)c(Cl)c1
1779765,CHEMBL908895,CHEMBL386853,EC50,2951.21,nM,=,,,,5.53,,,,,CHEMBL1137338,593669,CHEMBL2095198,CC[C@H]1OCC(O)=C2C1=NC1=C(C(=O)COC1)[C@H]2c1ccc(F)c(I)c1
1779766,CHEMBL908895,CHEMBL386853,EC50,1288.25,nM,=,,,,5.89,,,,,CHEMBL1137338,593668,CHEMBL2095198,CC[C@H]1OCC(O)=C2C1=NC1=C(C(=O)COC1)[C@H]2c1ccc(F)c(I)c1
1779767,CHEMBL908895,CHEMBL386853,EC50,12022.64,nM,=,,,,4.92,,,,,CHEMBL1137338,593667,CHEMBL2095198,CC[C@H]1OCC(O)=C2C1=NC1=C(C(=O)COC1)[C@H]2c1ccc(F)c(I)c1
1779769,CHEMBL908895,CHEMBL386585,EC50,3630.78,nM,=,,,,5.44,,,,,CHEMBL1137338,593665,CHEMBL2095198,CC[C@H]1OCC(O)=C2C1=NC1=C(C(=O)COC1)[C@H]2c1ccc(F)c(Cl)c1
1779770,CHEMBL908895,CHEMBL386585,EC50,457.09,nM,=,,,,6.34,,,,,CHEMBL1137338,593664,CHEMBL2095198,CC[C@H]1OCC(O)=C2C1=NC1=C(C(=O)COC1)[C@H]2c1ccc(F)c(Cl)c1
1779772,CHEMBL908895,CHEMBL424909,EC50,169.82,nM,=,,,,6.77,,,,,CHEMBL1137338,593662,CHEMBL2095198,CC[C@H]1OCC(O)=C2C1=NC1=C(C(=O)COC1)[C@H]2c1ccc(F)c(Br)c1
1779773,CHEMBL908895,CHEMBL424909,EC50,186.21,nM,=,,,,6.73,,,,,CHEMBL1137338,593661,CHEMBL2095198,CC[C@H]1OCC(O)=C2C1=NC1=C(C(=O)COC1)[C@H]2c1ccc(F)c(Br)c1
1779774,CHEMBL908895,CHEMBL386119,EC50,19.95,nM,=,,,,7.7,,,,,CHEMBL1137338,593660,CHEMBL2095198,CC[C@@H]1OCC(O)=C2C1=NC1=C(C(=O)COC1)[C@H]2c1ccc(F)c(Br)c1
1779775,CHEMBL908895,CHEMBL386119,EC50,165.96,nM,=,,,,6.78,,,,,CHEMBL1137338,593659,CHEMBL2095198,CC[C@@H]1OCC(O)=C2C1=NC1=C(C(=O)COC1)[C@H]2c1ccc(F)c(Br)c1
1779776,CHEMBL908895,CHEMBL386119,EC50,14.13,nM,=,,,,7.85,,,,,CHEMBL1137338,593658,CHEMBL2095198,CC[C@@H]1OCC(O)=C2C1=NC1=C(C(=O)COC1)[C@H]2c1ccc(F)c(Br)c1
1779777,CHEMBL908895,CHEMBL215739,EC50,13803.84,nM,=,,,,4.86,,,,,CHEMBL1137338,593657,CHEMBL2095198,CCC1(CC)OCC2=NC3=C(C(=O)COC3)C(c3ccc(F)c(Br)c3)C2=C1O
1779779,CHEMBL908895,CHEMBL215139,EC50,3890.45,nM,=,,,,5.41,,,,,CHEMBL1137338,593655,CHEMBL2095198,CC1(C)OCC2=C(C1=O)C(c1ccc(F)c(Br)c1)C1=C(O)C(C)(C)OCC1=N2
1779780,CHEMBL908895,CHEMBL216766,EC50,16.98,nM,=,,,,7.77,,,,,CHEMBL1137338,593654,CHEMBL2095198,CC1(C)OCC2=NC3=C(C(=O)COC3)C(c3ccc(F)c(Br)c3)C2=C1O
1779781,CHEMBL908895,CHEMBL320983,EC50,27.54,nM,=,,,,7.56,,,,,CHEMBL1137338,593653,CHEMBL2095198,O=C1COCC2=C1C(c1ccc(F)c(Br)c1)C1=C(O)COCC1=N2
1779862,CHEMBL908308,CHEMBL18861,EC50,2754.23,nM,=,,,,5.56,,,,,CHEMBL1137338,593630,CHEMBL2095198,C[C@](O)(C(=O)Nc1ccc(C(=O)c2ccccc2)cc1)C(F)(F)F
1779863,CHEMBL908306,CHEMBL18861,EC50,295.12,nM,=,,,,6.53,,,,,CHEMBL1137338,593630,CHEMBL2095198,C[C@](O)(C(=O)Nc1ccc(C(=O)c2ccccc2)cc1)C(F)(F)F
1779878,CHEMBL908308,CHEMBL387063,EC50,13489.63,nM,=,,,,4.87,,,,,CHEMBL1137338,593678,CHEMBL2095198,CC[C@H]1OCC(O)=C2C1=NC1=C(C(=O)COC1)[C@H]2c1ccc(Br)c(Cl)c1
1779879,CHEMBL908308,CHEMBL216256,EC50,2290.87,nM,=,,,,5.64,,,,,CHEMBL1137338,593672,CHEMBL2095198,CC[C@H]1OCC(O)=C2C1=NC1=C(C(=O)COC1)[C@H]2c1ccc(Cl)c(Cl)c1
1779880,CHEMBL908308,CHEMBL424909,EC50,2041.74,nM,=,,,,5.69,,,,,CHEMBL1137338,593662,CHEMBL2095198,CC[C@H]1OCC(O)=C2C1=NC1=C(C(=O)COC1)[C@H]2c1ccc(F)c(Br)c1
1779881,CHEMBL908308,CHEMBL320983,EC50,125.89,nM,=,,,,6.9,,,,,CHEMBL1137338,593653,CHEMBL2095198,O=C1COCC2=C1C(c1ccc(F)c(Br)c1)C1=C(O)COCC1=N2
1779882,CHEMBL908308,CHEMBL384078,EC50,891.25,nM,=,,,,6.05,,,,,CHEMBL1137338,593642,CHEMBL2095198,CC[C@H]1OC(O)=C2C1=NC1=C(C(=O)CSC1)[C@H]2c1ccc(F)c(Br)c1
1779883,CHEMBL908308,CHEMBL11458,EC50,85.11,nM,=,,,,7.07,,,,,CHEMBL1137338,593634,CHEMBL2095198,CCC(C)(C)/N=C(\NC#N)Nc1cccnc1
1779885,CHEMBL908308,CHEMBL2062142,EC50,676.08,nM,=,,,,6.17,,,,,CHEMBL1137338,593632,CHEMBL2095198,CCc1cc(C#N)ccc1Nc1c(N[C@H](C)C(C)(C)C)c(=O)c1=O
1779886,CHEMBL908308,CHEMBL11684,EC50,257.04,nM,=,,,,6.59,,,,,CHEMBL1137338,593631,CHEMBL2095198,CC1(C)Oc2ccc(C#N)cc2[C@H](N2CCCC2=O)[C@H]1O
1779887,CHEMBL908308,CHEMBL426160,EC50,229.09,nM,=,,,,6.64,,,,,CHEMBL1137338,593614,CHEMBL2095198,CCC[C@H]1OC(O)=C2C1=NC1=C(C(=O)COC1)[C@H]2c1ccc(F)c(I)c1
1779888,CHEMBL908308,CHEMBL214566,EC50,128.82,nM,=,,,,6.89,,,,,CHEMBL1137338,593611,CHEMBL2095198,CCC[C@H]1OC(O)=C2C1=NC1=C(C(=O)COC1)[C@H]2c1ccc(F)c(Cl)c1
1779889,CHEMBL908308,CHEMBL386628,EC50,1288.25,nM,=,,,,5.89,,,,,CHEMBL1137338,593602,CHEMBL2095198,O=C1COCC2=C1[C@@H](c1ccc(F)c(Br)c1)C1=C(O)O[C@@H](c3ccccc3)C1=N2
1779890,CHEMBL908308,CHEMBL386228,EC50,102.33,nM,=,,,,6.99,,,,,CHEMBL1137338,593599,CHEMBL2095198,CC(C)C[C@H]1OC(O)=C2C1=NC1=C(C(=O)COC1)[C@H]2c1ccc(F)c(Br)c1
1779891,CHEMBL908308,CHEMBL384576,EC50,128.82,nM,=,,,,6.89,,,,,CHEMBL1137338,593596,CHEMBL2095198,CC(C)C[C@@H]1OC(O)=C2C1=NC1=C(C(=O)COC1)[C@H]2c1ccc(F)c(Br)c1
1779892,CHEMBL908308,CHEMBL386843,EC50,1659.59,nM,=,,,,5.78,,,,,CHEMBL1137338,593595,CHEMBL2095198,CCCC[C@H]1OC(O)=C2C1=NC1=C(C(=O)COC1)[C@H]2c1ccc(F)c(Br)c1
1779893,CHEMBL908308,CHEMBL214616,EC50,1202.26,nM,=,,,,5.92,,,,,CHEMBL1137338,593590,CHEMBL2095198,CC(C)[C@@H]1OC(O)=C2C1=NC1=C(C(=O)COC1)[C@H]2c1ccc(F)c(Br)c1
1779894,CHEMBL908308,CHEMBL214841,EC50,512.86,nM,=,,,,6.29,,,,,CHEMBL1137338,593585,CHEMBL2095198,CCC[C@H]1OC(O)=C2C1=NC1=C(C(=O)COC1)[C@H]2c1ccc(F)c(Br)c1
1779895,CHEMBL908308,CHEMBL214841,EC50,794.33,nM,=,,,,6.1,,,,,CHEMBL1137338,593583,CHEMBL2095198,CCC[C@H]1OC(O)=C2C1=NC1=C(C(=O)COC1)[C@H]2c1ccc(F)c(Br)c1
1779896,CHEMBL908308,CHEMBL215375,EC50,281.84,nM,=,,,,6.55,,,,,CHEMBL1137338,593579,CHEMBL2095198,CC[C@H]1OC(O)=C2C1=NC1=C(C(=O)COC1)[C@H]2c1ccc(F)c(Br)c1
1779897,CHEMBL908308,CHEMBL215375,EC50,2951.21,nM,=,,,,5.53,,,,,CHEMBL1137338,593578,CHEMBL2095198,CC[C@H]1OC(O)=C2C1=NC1=C(C(=O)COC1)[C@H]2c1ccc(F)c(Br)c1
1779898,CHEMBL908308,CHEMBL215375,EC50,489.78,nM,=,,,,6.31,,,,,CHEMBL1137338,593577,CHEMBL2095198,CC[C@H]1OC(O)=C2C1=NC1=C(C(=O)COC1)[C@H]2c1ccc(F)c(Br)c1
1779899,CHEMBL908308,CHEMBL426334,EC50,35.48,nM,=,,,,7.45,,,,,CHEMBL1137338,593568,CHEMBL2095198,C[C@@H]1OC(O)=C2C1=NC1=C(C(=O)COC1)[C@H]2c1ccc(F)c(Br)c1
1779900,CHEMBL908308,CHEMBL215681,EC50,891.25,nM,=,,,,6.05,,,,,CHEMBL1137338,593560,CHEMBL2095198,CC[C@@H]1OCC2=C(C1=O)[C@@H](c1ccc(F)c(Br)c1)C1=C(O)OCC1=N2
1779901,CHEMBL908308,CHEMBL215681,EC50,2691.53,nM,=,,,,5.57,,,,,CHEMBL1137338,593559,CHEMBL2095198,CC[C@@H]1OCC2=C(C1=O)[C@@H](c1ccc(F)c(Br)c1)C1=C(O)OCC1=N2
1779902,CHEMBL908308,CHEMBL217511,EC50,213.8,nM,=,,,,6.67,,,,,CHEMBL1137338,593548,CHEMBL2095198,O=C1COCC2=C1C(c1ccc(F)c(Br)c1)C1=C(O)OCC1=N2
1779903,CHEMBL908308,CHEMBL2112487,EC50,588.84,nM,=,,,,6.23,,,,,CHEMBL1137338,593547,CHEMBL2095198,O=C1COCC2=C1[C@@H](c1ccc(F)c(Br)c1)C1=C(COC1=O)N2
1779978,CHEMBL908306,CHEMBL387063,EC50,245.47,nM,=,,,,6.61,,,,,CHEMBL1137338,593678,CHEMBL2095198,CC[C@H]1OCC(O)=C2C1=NC1=C(C(=O)COC1)[C@H]2c1ccc(Br)c(Cl)c1
1779979,CHEMBL908306,CHEMBL216256,EC50,54.95,nM,=,,,,7.26,,,,,CHEMBL1137338,593672,CHEMBL2095198,CC[C@H]1OCC(O)=C2C1=NC1=C(C(=O)COC1)[C@H]2c1ccc(Cl)c(Cl)c1
1779980,CHEMBL908306,CHEMBL424909,EC50,128.82,nM,=,,,,6.89,,,,,CHEMBL1137338,593662,CHEMBL2095198,CC[C@H]1OCC(O)=C2C1=NC1=C(C(=O)COC1)[C@H]2c1ccc(F)c(Br)c1
1779981,CHEMBL908306,CHEMBL11458,EC50,21.88,nM,=,,,,7.66,,,,,CHEMBL1137338,593634,CHEMBL2095198,CCC(C)(C)/N=C(\NC#N)Nc1cccnc1
1779982,CHEMBL908308,CHEMBL384078,EC50,954.99,nM,=,,,,6.02,,,,,CHEMBL1137338,593687,CHEMBL2095198,CC[C@H]1OC(O)=C2C1=NC1=C(C(=O)CSC1)[C@H]2c1ccc(F)c(Br)c1
1779983,CHEMBL908306,CHEMBL2062142,EC50,102.33,nM,=,,,,6.99,,,,,CHEMBL1137338,593632,CHEMBL2095198,CCc1cc(C#N)ccc1Nc1c(N[C@H](C)C(C)(C)C)c(=O)c1=O
1779984,CHEMBL908306,CHEMBL11684,EC50,34.67,nM,=,,,,7.46,,,,,CHEMBL1137338,593631,CHEMBL2095198,CC1(C)Oc2ccc(C#N)cc2[C@H](N2CCCC2=O)[C@H]1O
1779985,CHEMBL908306,CHEMBL386843,EC50,331.13,nM,=,,,,6.48,,,,,CHEMBL1137338,593595,CHEMBL2095198,CCCC[C@H]1OC(O)=C2C1=NC1=C(C(=O)COC1)[C@H]2c1ccc(F)c(Br)c1
1779986,CHEMBL908306,CHEMBL214841,EC50,28.84,nM,=,,,,7.54,,,,,CHEMBL1137338,593585,CHEMBL2095198,CCC[C@H]1OC(O)=C2C1=NC1=C(C(=O)COC1)[C@H]2c1ccc(F)c(Br)c1
1779987,CHEMBL908306,CHEMBL215375,EC50,19.05,nM,=,,,,7.72,,,,,CHEMBL1137338,593579,CHEMBL2095198,CC[C@H]1OC(O)=C2C1=NC1=C(C(=O)COC1)[C@H]2c1ccc(F)c(Br)c1
1779988,CHEMBL908306,CHEMBL217511,EC50,0.6761,nM,=,,,,9.17,,,,,CHEMBL1137338,593548,CHEMBL2095198,O=C1COCC2=C1C(c1ccc(F)c(Br)c1)C1=C(O)OCC1=N2
7925908,CHEMBL1918928,CHEMBL631,IC50,2200.0,nM,=,,,,5.66,,,,"{'bei': '16.57', 'le': '0.31', 'lle': '2.42', 'sei': '9.66'}",CHEMBL1914304,1556679,CHEMBL2095198,CCCNCC(O)COc1ccccc1C(=O)CCc1ccccc1
