activity_id,assay_chembl_id,molecule_chembl_id,standard_type,standard_value,standard_units,standard_relation,published_value,published_units,published_relation,pchembl_value,activity_comment,data_validity_comment,confidence_score,ligand_efficiency,document_chembl_id,record_id,target_chembl_id
11000859,CHEMBL2077067,CHEMBL1162492,IC50,200.0,nM,=,,,,6.70,inhibitor [IC50=0.2uM],,,,CHEMBL2073753,1671504,CHEMBL1743128
11000955,CHEMBL2077068,CHEMBL285913,IC50,10000.0,nM,=,,,,5.00,inhibitor [IC50=10uM],,,,CHEMBL2074007,1671773,CHEMBL1743128
11000956,CHEMBL2077068,CHEMBL15177,IC50,10000.0,nM,=,,,,5.00,inhibitor [IC50=10uM],,,,CHEMBL2074007,1671774,CHEMBL1743128
11000957,CHEMBL2078156,CHEMBL2074644,IC50,10000.0,nM,=,,,,5.00,inhibitor [IC50=10uM],,,,CHEMBL2073753,1671775,CHEMBL1743128
11000958,CHEMBL2078156,CHEMBL260315,IC50,10000.0,nM,=,,,,5.00,inhibitor [IC50=10uM],,,,CHEMBL2073753,1671776,CHEMBL1743128
11000959,CHEMBL2078156,CHEMBL2074584,IC50,10000.0,nM,=,,,,5.00,inhibitor [IC50=10uM],,,,CHEMBL2073753,1671777,CHEMBL1743128
11000983,CHEMBL2077531,CHEMBL2074591,IC50,120000.0,nM,=,,,,,inhibitor [IC50=120uM],Outside typical range,,,CHEMBL2073753,1671799,CHEMBL1743128
11001337,CHEMBL2077068,CHEMBL192,IC50,20000.0,nM,=,,,,4.70,inhibitor [IC50=20uM],,,,CHEMBL2074007,1672072,CHEMBL1743128
11001338,CHEMBL2077068,CHEMBL126075,IC50,20000.0,nM,=,,,,4.70,inhibitor [IC50=20uM],,,,CHEMBL2074007,1672073,CHEMBL1743128
11001339,CHEMBL2078156,CHEMBL408701,IC50,20000.0,nM,=,,,,4.70,inhibitor [IC50=20uM],,,,CHEMBL2073753,1672074,CHEMBL1743128
11001370,CHEMBL2078641,CHEMBL224867,IC50,250000.0,nM,=,,,,,inhibitor [IC50=250uM],Outside typical range,,,CHEMBL2073968,1672095,CHEMBL1743128
11001396,CHEMBL2077068,CHEMBL932,IC50,2000.0,nM,=,,,,5.70,inhibitor [IC50=2uM],,,,CHEMBL2074007,1672110,CHEMBL1743128
11001397,CHEMBL2077531,CHEMBL1162492,IC50,2000.0,nM,=,,,,5.70,inhibitor [IC50=2uM],,,,CHEMBL2073753,1671504,CHEMBL1743128
11001429,CHEMBL2077067,CHEMBL1697724,IC50,30000.0,nM,=,,,,4.52,inhibitor [IC50=30uM],,,,CHEMBL2073753,1672332,CHEMBL1743128
11001447,CHEMBL2078156,CHEMBL224867,IC50,350000.0,nM,=,,,,,inhibitor [IC50=350uM],Outside typical range,,,CHEMBL2073753,1672336,CHEMBL1743128
11001462,CHEMBL2078640,CHEMBL259898,IC50,3000.0,nM,=,,,,5.52,inhibitor [IC50=3uM],,,,CHEMBL2073968,1672344,CHEMBL1743128
11001727,CHEMBL2078156,CHEMBL411070,IC50,400000.0,nM,=,,,,,inhibitor [IC50=400uM],Outside typical range,,,CHEMBL2073753,1672361,CHEMBL1743128
11001751,CHEMBL2077531,CHEMBL494753,IC50,45000.0,nM,=,,,,4.35,inhibitor [IC50=45uM],,,,CHEMBL2073753,1672374,CHEMBL1743128
11001782,CHEMBL2077531,CHEMBL3349339,IC50,50000.0,nM,=,,,,4.30,inhibitor [IC50=50uM],,,,CHEMBL2073753,1672389,CHEMBL1743128
11001791,CHEMBL2078156,CHEMBL185878,IC50,55000.0,nM,=,,,,4.26,inhibitor [IC50=55uM],,,,CHEMBL2073753,1672395,CHEMBL1743128
11001818,CHEMBL2078156,CHEMBL412272,IC50,60000.0,nM,=,,,,4.22,inhibitor [IC50=60uM],,,,CHEMBL2073753,1672404,CHEMBL1743128
11001853,CHEMBL2077067,CHEMBL3349339,IC50,70000.0,nM,=,,,,4.16,inhibitor [IC50=70uM],,,,CHEMBL2073753,1672389,CHEMBL1743128
11001861,CHEMBL2077068,CHEMBL418509,IC50,75000.0,nM,=,,,,4.12,inhibitor [IC50=75uM],,,,CHEMBL2074007,1672595,CHEMBL1743128
11001877,CHEMBL2077067,CHEMBL2074591,IC50,80000.0,nM,=,,,,4.10,inhibitor [IC50=80uM],,,,CHEMBL2073753,1671799,CHEMBL1743128
11001878,CHEMBL2077067,CHEMBL2074982,IC50,80000.0,nM,=,,,,4.10,inhibitor [IC50=80uM],,,,CHEMBL2073753,1672604,CHEMBL1743128
11001879,CHEMBL2077531,CHEMBL2074982,IC50,80000.0,nM,=,,,,4.10,inhibitor [IC50=80uM],,,,CHEMBL2073753,1672604,CHEMBL1743128
11001911,CHEMBL2077067,CHEMBL494753,IC50,95000.0,nM,=,,,,4.02,inhibitor [IC50=95uM],,,,CHEMBL2073753,1672374,CHEMBL1743128
15454759,CHEMBL3535467,CHEMBL111,Ki,4000.0,nM,=,,,,5.40,,,,,CHEMBL3526013,2469693,CHEMBL1743128
15454810,CHEMBL3535467,CHEMBL364300,Ki,7000.0,nM,=,,,,5.16,,,,,CHEMBL3526013,2468282,CHEMBL1743128
18130747,CHEMBL4028924,CHEMBL1200963,IC50,133000.0,nM,>,,,,,,Outside typical range,,,CHEMBL4028801,3006315,CHEMBL1743128
18130748,CHEMBL4028924,CHEMBL846,IC50,133000.0,nM,>,,,,,,Outside typical range,,,CHEMBL4028801,3006316,CHEMBL1743128
18130749,CHEMBL4028924,CHEMBL4064157,IC50,46000.0,nM,=,,,,4.34,,,,,CHEMBL4028801,3006317,CHEMBL1743128
18130750,CHEMBL4028924,CHEMBL1370,IC50,37000.0,nM,=,,,,4.43,,,,,CHEMBL4028801,3006318,CHEMBL1743128
18130751,CHEMBL4028924,CHEMBL1200792,IC50,133000.0,nM,>,,,,,,Outside typical range,,,CHEMBL4028801,3006319,CHEMBL1743128
18130752,CHEMBL4028924,CHEMBL296419,IC50,133000.0,nM,>,,,,,,Outside typical range,,,CHEMBL4028801,3006320,CHEMBL1743128
18130753,CHEMBL4028924,CHEMBL717,IC50,22500.0,nM,=,,,,4.65,,,,,CHEMBL4028801,3006321,CHEMBL1743128
18130754,CHEMBL4028924,CHEMBL1231,IC50,133000.0,nM,>,,,,,,Outside typical range,,,CHEMBL4028801,3006322,CHEMBL1743128
18130755,CHEMBL4028924,CHEMBL1480,IC50,133000.0,nM,>,,,,,,Outside typical range,,,CHEMBL4028801,3006323,CHEMBL1743128
18130756,CHEMBL4028924,CHEMBL772,IC50,133000.0,nM,>,,,,,,Outside typical range,,,CHEMBL4028801,3006324,CHEMBL1743128
18130757,CHEMBL4028924,CHEMBL998,IC50,133000.0,nM,>,,,,,,Outside typical range,,,CHEMBL4028801,3006325,CHEMBL1743128
18130758,CHEMBL4028924,CHEMBL1200969,IC50,133000.0,nM,>,,,,,,Outside typical range,,,CHEMBL4028801,3006326,CHEMBL1743128
18130759,CHEMBL4028924,CHEMBL1051,IC50,133000.0,nM,>,,,,,,Outside typical range,,,CHEMBL4028801,3006327,CHEMBL1743128
18130760,CHEMBL4028924,CHEMBL1726,IC50,16500.0,nM,=,,,,4.78,,,,,CHEMBL4028801,3006328,CHEMBL1743128
18130761,CHEMBL4028924,CHEMBL1200686,IC50,133000.0,nM,>,,,,,,Outside typical range,,,CHEMBL4028801,3006329,CHEMBL1743128
18130762,CHEMBL4028924,CHEMBL1648,IC50,133000.0,nM,>,,,,,,Outside typical range,,,CHEMBL4028801,3006330,CHEMBL1743128
18130763,CHEMBL4028924,CHEMBL1064,IC50,133000.0,nM,>,,,,,,Outside typical range,,,CHEMBL4028801,3006331,CHEMBL1743128
18130764,CHEMBL4028924,CHEMBL655,IC50,,,,,,,,Not Determined,,,,CHEMBL4028801,3006332,CHEMBL1743128
18130765,CHEMBL4028924,CHEMBL14376,IC50,133000.0,nM,>,,,,,,Outside typical range,,,CHEMBL4028801,3006333,CHEMBL1743128
18130766,CHEMBL4028924,CHEMBL1201155,IC50,133000.0,nM,>,,,,,,Outside typical range,,,CHEMBL4028801,3006334,CHEMBL1743128
18130767,CHEMBL4028924,CHEMBL503,IC50,133000.0,nM,>,,,,,,Outside typical range,,,CHEMBL4028801,3006335,CHEMBL1743128
18130768,CHEMBL4028924,CHEMBL4091490,IC50,133000.0,nM,>,,,,,,Outside typical range,,,CHEMBL4028801,3006336,CHEMBL1743128
18130769,CHEMBL4028924,CHEMBL922,IC50,133000.0,nM,>,,,,,,Outside typical range,,,CHEMBL4028801,3006337,CHEMBL1743128
18130770,CHEMBL4028924,CHEMBL1272,IC50,53900.0,nM,=,,,,4.27,,,,,CHEMBL4028801,3006338,CHEMBL1743128
18130771,CHEMBL4028924,CHEMBL393220,IC50,88500.0,nM,=,,,,4.05,,,,,CHEMBL4028801,3006339,CHEMBL1743128
18130772,CHEMBL4028924,CHEMBL269732,IC50,133000.0,nM,>,,,,,,Outside typical range,,,CHEMBL4028801,3006340,CHEMBL1743128
18130773,CHEMBL4028924,CHEMBL710,IC50,51000.0,nM,=,,,,4.29,,,,,CHEMBL4028801,3006341,CHEMBL1743128
18130774,CHEMBL4028924,CHEMBL1200561,IC50,8000.0,nM,=,,,,5.10,,,,,CHEMBL4028801,3006342,CHEMBL1743128
18130775,CHEMBL4028924,CHEMBL2220442,IC50,133000.0,nM,>,,,,,,Outside typical range,,,CHEMBL4028801,3006343,CHEMBL1743128
18130776,CHEMBL4028924,CHEMBL1201729,IC50,133000.0,nM,>,,,,,,Outside typical range,,,CHEMBL4028801,3006344,CHEMBL1743128
18130777,CHEMBL4028924,CHEMBL506,IC50,133000.0,nM,>,,,,,,Outside typical range,,,CHEMBL4028801,3006345,CHEMBL1743128
18130778,CHEMBL4028924,CHEMBL193,IC50,16600.0,nM,=,,,,4.78,,,,,CHEMBL4028801,3006346,CHEMBL1743128
18130779,CHEMBL4028924,CHEMBL1138,IC50,133000.0,nM,>,,,,,,Outside typical range,,,CHEMBL4028801,3006347,CHEMBL1743128
18130780,CHEMBL4028924,CHEMBL1017,IC50,36000.0,nM,=,,,,4.44,,,,,CHEMBL4028801,3006348,CHEMBL1743128
18130781,CHEMBL4028924,CHEMBL444633,IC50,15900.0,nM,=,,,,4.80,,,,,CHEMBL4028801,3006349,CHEMBL1743128
18130782,CHEMBL4028924,CHEMBL1484,IC50,88000.0,nM,=,,,,4.06,,,,,CHEMBL4028801,3006350,CHEMBL1743128
18130783,CHEMBL4028924,CHEMBL5416410,IC50,27300.0,nM,=,,,,4.56,,,,,CHEMBL4028801,3006351,CHEMBL1743128
18130784,CHEMBL4028924,CHEMBL1503,IC50,133000.0,nM,>,,,,,,Outside typical range,,,CHEMBL4028801,3006352,CHEMBL1743128
18130785,CHEMBL4028924,CHEMBL502,IC50,72900.0,nM,=,,,,4.14,,,,,CHEMBL4028801,3006353,CHEMBL1743128
18130786,CHEMBL4028924,CHEMBL1096885,IC50,36800.0,nM,=,,,,4.43,,,,,CHEMBL4028801,3006354,CHEMBL1743128
18130787,CHEMBL4028924,CHEMBL1509,IC50,37900.0,nM,=,,,,4.42,,,,,CHEMBL4028801,3006355,CHEMBL1743128
18130788,CHEMBL4028924,CHEMBL1131,IC50,49000.0,nM,=,,,,4.31,,,,,CHEMBL4028801,3006356,CHEMBL1743128
18130789,CHEMBL4028924,CHEMBL1292,IC50,44500.0,nM,=,,,,4.35,,,,,CHEMBL4028801,3006357,CHEMBL1743128
18130790,CHEMBL4028924,CHEMBL1481,IC50,64000.0,nM,=,,,,4.19,,,,,CHEMBL4028801,3006358,CHEMBL1743128
18130791,CHEMBL4028924,CHEMBL2103735,IC50,133000.0,nM,>,,,,,,Outside typical range,,,CHEMBL4028801,3006359,CHEMBL1743128
18130792,CHEMBL4028924,CHEMBL1908360,IC50,95000.0,nM,=,,,,4.02,,,,,CHEMBL4028801,3006360,CHEMBL1743128
18130793,CHEMBL4028924,CHEMBL995,IC50,34100.0,nM,=,,,,4.47,,,,,CHEMBL4028801,3006361,CHEMBL1743128
18130794,CHEMBL4028924,CHEMBL1256688,IC50,133000.0,nM,>,,,,,,Outside typical range,,,CHEMBL4028801,3006362,CHEMBL1743128
18130795,CHEMBL4028924,CHEMBL64391,IC50,133000.0,nM,>,,,,,,Outside typical range,,,CHEMBL4028801,3006363,CHEMBL1743128
18130796,CHEMBL4028924,CHEMBL939,IC50,4600.0,nM,=,,,,5.34,,,,,CHEMBL4028801,3006364,CHEMBL1743128
18130797,CHEMBL4028924,CHEMBL472,IC50,10500.0,nM,=,,,,4.98,,,,,CHEMBL4028801,3006365,CHEMBL1743128
18130798,CHEMBL4028924,CHEMBL1201016,IC50,133000.0,nM,>,,,,,,Outside typical range,,,CHEMBL4028801,3006366,CHEMBL1743128
18130799,CHEMBL4028924,CHEMBL56337,IC50,6500.0,nM,=,,,,5.19,,,,,CHEMBL4028801,3006367,CHEMBL1743128
18130800,CHEMBL4028924,CHEMBL255044,IC50,133000.0,nM,>,,,,,,Outside typical range,,,CHEMBL4028801,3006368,CHEMBL1743128
18130801,CHEMBL4028924,CHEMBL1164729,IC50,1900.0,nM,=,,,,5.72,,,,,CHEMBL4028801,3006369,CHEMBL1743128
18130802,CHEMBL4028924,CHEMBL1479,IC50,133000.0,nM,>,,,,,,Outside typical range,,,CHEMBL4028801,3006370,CHEMBL1743128
18130803,CHEMBL4028924,CHEMBL6,IC50,5800.0,nM,=,,,,5.24,,,,,CHEMBL4028801,3006371,CHEMBL1743128
18130804,CHEMBL4028924,CHEMBL603,IC50,12100.0,nM,=,,,,4.92,,,,,CHEMBL4028801,3006372,CHEMBL1743128
18130805,CHEMBL4028924,CHEMBL551978,IC50,24500.0,nM,=,,,,4.61,,,,,CHEMBL4028801,3006373,CHEMBL1743128
18130806,CHEMBL4028924,CHEMBL1201182,IC50,44000.0,nM,=,,,,4.36,,,,,CHEMBL4028801,3006374,CHEMBL1743128
18130807,CHEMBL4028924,CHEMBL633,IC50,133000.0,nM,>,,,,,,Outside typical range,,,CHEMBL4028801,3006375,CHEMBL1743128
18130808,CHEMBL4028924,CHEMBL953,IC50,6800.0,nM,=,,,,5.17,,,,,CHEMBL4028801,3006376,CHEMBL1743128
18130809,CHEMBL4028924,CHEMBL383634,IC50,6300.0,nM,=,,,,5.20,,,,,CHEMBL4028801,3006377,CHEMBL1743128
18130810,CHEMBL4028924,CHEMBL1200930,IC50,133000.0,nM,>,,,,,,Outside typical range,,,CHEMBL4028801,3006378,CHEMBL1743128
18130811,CHEMBL4028924,CHEMBL1200788,IC50,133000.0,nM,>,,,,,,Outside typical range,,,CHEMBL4028801,3006379,CHEMBL1743128
18130812,CHEMBL4028924,CHEMBL547,IC50,133000.0,nM,>,,,,,,Outside typical range,,,CHEMBL4028801,3006380,CHEMBL1743128
18130813,CHEMBL4028924,CHEMBL344159,IC50,133000.0,nM,>,,,,,,Outside typical range,,,CHEMBL4028801,3006381,CHEMBL1743128
18130814,CHEMBL4028924,CHEMBL957,IC50,22000.0,nM,=,,,,4.66,,,,,CHEMBL4028801,3006382,CHEMBL1743128
18130815,CHEMBL4028924,CHEMBL1200692,IC50,28500.0,nM,=,,,,4.54,,,,,CHEMBL4028801,3006383,CHEMBL1743128
18130816,CHEMBL4028924,CHEMBL1201139,IC50,133000.0,nM,>,,,,,,Outside typical range,,,CHEMBL4028801,3006384,CHEMBL1743128
18130817,CHEMBL4028924,CHEMBL976,IC50,133000.0,nM,>,,,,,,Outside typical range,,,CHEMBL4028801,3006385,CHEMBL1743128
18130818,CHEMBL4028924,CHEMBL116,IC50,133000.0,nM,>,,,,,,Outside typical range,,,CHEMBL4028801,3006386,CHEMBL1743128
18130819,CHEMBL4028924,CHEMBL623,IC50,71000.0,nM,=,,,,4.15,,,,,CHEMBL4028801,3006387,CHEMBL1743128
18130820,CHEMBL4028924,CHEMBL388590,IC50,17000.0,nM,=,,,,4.77,,,,,CHEMBL4028801,3006388,CHEMBL1743128
18130821,CHEMBL4028924,CHEMBL121,IC50,21000.0,nM,=,,,,4.68,,,,,CHEMBL4028801,3006389,CHEMBL1743128
18130822,CHEMBL4028924,CHEMBL21333,IC50,2700.0,nM,=,,,,5.57,,,,,CHEMBL4028801,3006390,CHEMBL1743128
18130823,CHEMBL4028924,CHEMBL374478,IC50,41900.0,nM,=,,,,4.38,,,,,CHEMBL4028801,3006391,CHEMBL1743128
18130824,CHEMBL4028924,CHEMBL282724,IC50,28400.0,nM,=,,,,4.55,,,,,CHEMBL4028801,3006392,CHEMBL1743128
18130825,CHEMBL4028924,CHEMBL92,IC50,133000.0,nM,>,,,,,,Outside typical range,,,CHEMBL4028801,3006393,CHEMBL1743128
18130826,CHEMBL4028924,CHEMBL941,IC50,133000.0,nM,>,,,,,,Outside typical range,,,CHEMBL4028801,3006394,CHEMBL1743128
18130827,CHEMBL4028924,CHEMBL1136,IC50,7100.0,nM,=,,,,5.15,,,,,CHEMBL4028801,3006395,CHEMBL1743128
18130828,CHEMBL4028924,CHEMBL114,IC50,59000.0,nM,=,,,,4.23,,,,,CHEMBL4028801,3006396,CHEMBL1743128
18130829,CHEMBL4028924,CHEMBL409,IC50,133000.0,nM,>,,,,,,Outside typical range,,,CHEMBL4028801,3006397,CHEMBL1743128
18130830,CHEMBL4028924,CHEMBL5483011,IC50,133000.0,nM,>,,,,,,Outside typical range,,,CHEMBL4028801,3006398,CHEMBL1743128
18130831,CHEMBL4028924,CHEMBL415324,IC50,1000.0,nM,=,,,,6.00,,,,,CHEMBL4028801,3006399,CHEMBL1743128
18130832,CHEMBL4028924,CHEMBL1513,IC50,83200.0,nM,=,,,,4.08,,,,,CHEMBL4028801,3006400,CHEMBL1743128
18130833,CHEMBL4028924,CHEMBL932,IC50,8300.0,nM,=,,,,5.08,,,,,CHEMBL4028801,3006401,CHEMBL1743128
18130834,CHEMBL4028924,CHEMBL408,IC50,61000.0,nM,=,,,,4.21,,,,,CHEMBL4028801,3006402,CHEMBL1743128
18130835,CHEMBL4028924,CHEMBL157101,IC50,69000.0,nM,=,,,,4.16,,,,,CHEMBL4028801,3006403,CHEMBL1743128
18130836,CHEMBL4028924,CHEMBL565,IC50,133000.0,nM,>,,,,,,Outside typical range,,,CHEMBL4028801,3006404,CHEMBL1743128
18130837,CHEMBL4028924,CHEMBL729,IC50,47000.0,nM,=,,,,4.33,,,,,CHEMBL4028801,3006405,CHEMBL1743128
18130838,CHEMBL4028924,CHEMBL1076241,IC50,133000.0,nM,>,,,,,,Outside typical range,,,CHEMBL4028801,3006406,CHEMBL1743128
18130839,CHEMBL4028924,CHEMBL160,IC50,133000.0,nM,>,,,,,,Outside typical range,,,CHEMBL4028801,3006407,CHEMBL1743128
18130840,CHEMBL4028924,CHEMBL1660,IC50,35900.0,nM,=,,,,4.45,,,,,CHEMBL4028801,3006408,CHEMBL1743128
18130841,CHEMBL4028924,CHEMBL893,IC50,133000.0,nM,>,,,,,,Outside typical range,,,CHEMBL4028801,3006409,CHEMBL1743128
18130842,CHEMBL4028924,CHEMBL1397,IC50,133000.0,nM,>,,,,,,Outside typical range,,,CHEMBL4028801,3006410,CHEMBL1743128
18130843,CHEMBL4028924,CHEMBL584,IC50,97000.0,nM,=,,,,4.01,,,,,CHEMBL4028801,3006411,CHEMBL1743128
18130844,CHEMBL4028924,CHEMBL1200480,IC50,133000.0,nM,>,,,,,,Outside typical range,,,CHEMBL4028801,3006412,CHEMBL1743128
18130845,CHEMBL4028924,CHEMBL428647,IC50,133000.0,nM,>,,,,,,Outside typical range,,,CHEMBL4028801,3006413,CHEMBL1743128
18130846,CHEMBL4028924,CHEMBL1324,IC50,16700.0,nM,=,,,,4.78,,,,,CHEMBL4028801,3006414,CHEMBL1743128
18130847,CHEMBL4028924,CHEMBL672,IC50,133000.0,nM,>,,,,,,Outside typical range,,,CHEMBL4028801,3006415,CHEMBL1743128
18130848,CHEMBL4028924,CHEMBL595,IC50,49500.0,nM,=,,,,4.30,,,,,CHEMBL4028801,3006416,CHEMBL1743128
18130849,CHEMBL4028924,CHEMBL550348,IC50,36500.0,nM,=,,,,4.44,,,,,CHEMBL4028801,3006417,CHEMBL1743128
18130850,CHEMBL4028924,CHEMBL1276308,IC50,133000.0,nM,>,,,,,,Outside typical range,,,CHEMBL4028801,3006418,CHEMBL1743128
18130851,CHEMBL4028924,CHEMBL15177,IC50,6000.0,nM,=,,,,5.22,,,,,CHEMBL4028801,3006419,CHEMBL1743128
18130852,CHEMBL4028924,CHEMBL477772,IC50,8100.0,nM,=,,,,5.09,,,,,CHEMBL4028801,3006420,CHEMBL1743128
18130853,CHEMBL4028924,CHEMBL163,IC50,34000.0,nM,=,,,,4.47,,,,,CHEMBL4028801,3006421,CHEMBL1743128
18130854,CHEMBL4028924,CHEMBL374975,IC50,133000.0,nM,>,,,,,,Outside typical range,,,CHEMBL4028801,3006422,CHEMBL1743128
18130855,CHEMBL4028924,CHEMBL1456,IC50,83000.0,nM,=,,,,4.08,,,,,CHEMBL4028801,3006423,CHEMBL1743128
18130856,CHEMBL4028924,CHEMBL223643,IC50,133000.0,nM,>,,,,,,Outside typical range,,,CHEMBL4028801,3006424,CHEMBL1743128
18130857,CHEMBL4028924,CHEMBL1200476,IC50,68200.0,nM,=,,,,4.17,,,,,CHEMBL4028801,3006425,CHEMBL1743128
18130858,CHEMBL4028924,CHEMBL428496,IC50,63200.0,nM,=,,,,4.20,,,,,CHEMBL4028801,3006426,CHEMBL1743128
18130859,CHEMBL4028924,CHEMBL691,IC50,133000.0,nM,>,,,,,,Outside typical range,,,CHEMBL4028801,3006427,CHEMBL1743128
18130860,CHEMBL4028924,CHEMBL4097197,IC50,2700.0,nM,=,,,,5.57,,,,,CHEMBL4028801,3006428,CHEMBL1743128
18130861,CHEMBL4028924,CHEMBL43064,IC50,133000.0,nM,>,,,,,,Outside typical range,,,CHEMBL4028801,3006429,CHEMBL1743128
18130862,CHEMBL4028924,CHEMBL388978,IC50,37900.0,nM,=,,,,4.42,,,,,CHEMBL4028801,3006430,CHEMBL1743128
18130863,CHEMBL4028924,CHEMBL180022,IC50,23000.0,nM,=,,,,4.64,,,,,CHEMBL4028801,3006431,CHEMBL1743128
18130864,CHEMBL4028924,CHEMBL54440,IC50,133000.0,nM,>,,,,,,Outside typical range,,,CHEMBL4028801,3006432,CHEMBL1743128
18130865,CHEMBL4028924,CHEMBL7002,IC50,133000.0,nM,>,,,,,,Outside typical range,,,CHEMBL4028801,3006433,CHEMBL1743128
18130866,CHEMBL4028924,CHEMBL1617,IC50,30200.0,nM,=,,,,4.52,,,,,CHEMBL4028801,3006434,CHEMBL1743128
18130867,CHEMBL4028924,CHEMBL451,IC50,133000.0,nM,>,,,,,,Outside typical range,,,CHEMBL4028801,3006435,CHEMBL1743128
18130868,CHEMBL4028924,CHEMBL1569487,IC50,133000.0,nM,>,,,,,,Outside typical range,,,CHEMBL4028801,3006436,CHEMBL1743128
18130869,CHEMBL4028924,CHEMBL1879463,IC50,133000.0,nM,>,,,,,,Outside typical range,,,CHEMBL4028801,3006437,CHEMBL1743128
18130870,CHEMBL4028924,CHEMBL429023,IC50,133000.0,nM,>,,,,,,Outside typical range,,,CHEMBL4028801,3006438,CHEMBL1743128
18130871,CHEMBL4028924,CHEMBL1555126,IC50,133000.0,nM,>,,,,,,Outside typical range,,,CHEMBL4028801,3006439,CHEMBL1743128
18130872,CHEMBL4028924,CHEMBL444963,IC50,133000.0,nM,>,,,,,,Outside typical range,,,CHEMBL4028801,3006440,CHEMBL1743128
18130873,CHEMBL4028924,CHEMBL2103772,IC50,133000.0,nM,>,,,,,,Outside typical range,,,CHEMBL4028801,3006441,CHEMBL1743128
18130874,CHEMBL4028924,CHEMBL475534,IC50,133000.0,nM,>,,,,,,Outside typical range,,,CHEMBL4028801,3006442,CHEMBL1743128
18130875,CHEMBL4028924,CHEMBL111,IC50,133000.0,nM,>,,,,,,Outside typical range,,,CHEMBL4028801,3006443,CHEMBL1743128
18130876,CHEMBL4028924,CHEMBL277535,IC50,133000.0,nM,>,,,,,,Outside typical range,,,CHEMBL4028801,3006444,CHEMBL1743128
18130877,CHEMBL4028924,CHEMBL254219,IC50,133000.0,nM,>,,,,,,Outside typical range,,,CHEMBL4028801,3006445,CHEMBL1743128
18130878,CHEMBL4028924,CHEMBL1200865,IC50,133000.0,nM,>,,,,,,Outside typical range,,,CHEMBL4028801,3006446,CHEMBL1743128
18130879,CHEMBL4028924,CHEMBL1200799,IC50,74000.0,nM,=,,,,4.13,,,,,CHEMBL4028801,3006447,CHEMBL1743128
18130880,CHEMBL4028924,CHEMBL3109278,IC50,133000.0,nM,>,,,,,,Outside typical range,,,CHEMBL4028801,3006448,CHEMBL1743128
18130881,CHEMBL4028924,CHEMBL1200585,IC50,133000.0,nM,>,,,,,,Outside typical range,,,CHEMBL4028801,3006449,CHEMBL1743128
18130882,CHEMBL4028924,CHEMBL1200836,IC50,133000.0,nM,>,,,,,,Outside typical range,,,CHEMBL4028801,3006450,CHEMBL1743128
18130883,CHEMBL4028924,CHEMBL416146,IC50,53000.0,nM,=,,,,4.28,,,,,CHEMBL4028801,3006451,CHEMBL1743128
18130884,CHEMBL4028924,CHEMBL4082273,IC50,133000.0,nM,>,,,,,,Outside typical range,,,CHEMBL4028801,3006452,CHEMBL1743128
18130885,CHEMBL4028924,CHEMBL211501,IC50,133000.0,nM,>,,,,,,Outside typical range,,,CHEMBL4028801,3006453,CHEMBL1743128
18130886,CHEMBL4028924,CHEMBL1381098,IC50,133000.0,nM,>,,,,,,Outside typical range,,,CHEMBL4028801,3006454,CHEMBL1743128
18130887,CHEMBL4028924,CHEMBL1083385,IC50,133000.0,nM,>,,,,,,Outside typical range,,,CHEMBL4028801,3006455,CHEMBL1743128
18130888,CHEMBL4028924,CHEMBL1452696,IC50,133000.0,nM,>,,,,,,Outside typical range,,,CHEMBL4028801,3006456,CHEMBL1743128
18130889,CHEMBL4028924,CHEMBL1536,IC50,133000.0,nM,>,,,,,,Outside typical range,,,CHEMBL4028801,3006457,CHEMBL1743128
18130890,CHEMBL4028924,CHEMBL599,IC50,133000.0,nM,>,,,,,,Outside typical range,,,CHEMBL4028801,3006458,CHEMBL1743128
18130891,CHEMBL4028924,CHEMBL12713,IC50,133000.0,nM,>,,,,,,Outside typical range,,,CHEMBL4028801,3006459,CHEMBL1743128
18130892,CHEMBL4028924,CHEMBL1200374,IC50,133000.0,nM,>,,,,,,Outside typical range,,,CHEMBL4028801,3006460,CHEMBL1743128
18130893,CHEMBL4028924,CHEMBL1592,IC50,133000.0,nM,>,,,,,,Outside typical range,,,CHEMBL4028801,3006461,CHEMBL1743128
18130894,CHEMBL4028924,CHEMBL295416,IC50,44900.0,nM,=,,,,4.35,,,,,CHEMBL4028801,3006462,CHEMBL1743128
18130895,CHEMBL4028924,CHEMBL1096,IC50,2200.0,nM,=,,,,5.66,,,,,CHEMBL4028801,3006463,CHEMBL1743128
18130896,CHEMBL4028924,CHEMBL93645,IC50,133000.0,nM,>,,,,,,Outside typical range,,,CHEMBL4028801,3006464,CHEMBL1743128
18130897,CHEMBL4028924,CHEMBL386630,IC50,133000.0,nM,>,,,,,,Outside typical range,,,CHEMBL4028801,3006465,CHEMBL1743128
18130898,CHEMBL4028924,CHEMBL256907,IC50,133000.0,nM,>,,,,,,Outside typical range,,,CHEMBL4028801,3006466,CHEMBL1743128
18130899,CHEMBL4028924,CHEMBL1559,IC50,133000.0,nM,>,,,,,,Outside typical range,,,CHEMBL4028801,3006467,CHEMBL1743128
18130900,CHEMBL4028924,CHEMBL1200675,IC50,133000.0,nM,>,,,,,,Outside typical range,,,CHEMBL4028801,3006468,CHEMBL1743128
18130901,CHEMBL4028924,CHEMBL1737,IC50,26800.0,nM,=,,,,4.57,,,,,CHEMBL4028801,3006469,CHEMBL1743128
18130902,CHEMBL4028924,CHEMBL421,IC50,1500.0,nM,=,,,,5.82,,,,,CHEMBL4028801,3006470,CHEMBL1743128
18130903,CHEMBL4028924,CHEMBL2218867,IC50,1900.0,nM,=,,,,5.72,,,,,CHEMBL4028801,3006471,CHEMBL1743128
18130904,CHEMBL4028924,CHEMBL495,IC50,2300.0,nM,=,,,,5.64,,,,,CHEMBL4028801,3006472,CHEMBL1743128
18130905,CHEMBL4028924,CHEMBL1201124,IC50,2700.0,nM,=,,,,5.57,,,,,CHEMBL4028801,3006473,CHEMBL1743128
18130906,CHEMBL4028924,CHEMBL1316,IC50,3000.0,nM,=,,,,5.52,,,,,CHEMBL4028801,3006474,CHEMBL1743128
18130907,CHEMBL4028924,CHEMBL77305,IC50,5100.0,nM,=,,,,5.29,,,,,CHEMBL4028801,3006475,CHEMBL1743128
18130908,CHEMBL4028924,CHEMBL41286,IC50,6400.0,nM,=,,,,5.19,,,,,CHEMBL4028801,3006476,CHEMBL1743128
18130909,CHEMBL4028924,CHEMBL1200896,IC50,7100.0,nM,=,,,,5.15,,,,,CHEMBL4028801,3006477,CHEMBL1743128
18130910,CHEMBL4028924,CHEMBL65,IC50,7400.0,nM,=,,,,5.13,,,,,CHEMBL4028801,3006478,CHEMBL1743128
18130911,CHEMBL4028924,CHEMBL43,IC50,7430.0,nM,=,,,,5.13,,,,,CHEMBL4028801,3006479,CHEMBL1743128
18130912,CHEMBL4028924,CHEMBL4085102,IC50,7500.0,nM,=,,,,5.12,,,,,CHEMBL4028801,3006480,CHEMBL1743128
18130913,CHEMBL4028924,CHEMBL4063475,IC50,8080.0,nM,=,,,,5.09,,,,,CHEMBL4028801,3006481,CHEMBL1743128
18130914,CHEMBL4028924,CHEMBL413965,IC50,8200.0,nM,=,,,,5.09,,,,,CHEMBL4028801,3006482,CHEMBL1743128
18130915,CHEMBL4028924,CHEMBL339427,IC50,9600.0,nM,=,,,,5.02,,,,,CHEMBL4028801,3006483,CHEMBL1743128
18130916,CHEMBL4028924,CHEMBL367463,IC50,9800.0,nM,=,,,,5.01,,,,,CHEMBL4028801,3006484,CHEMBL1743128
18130917,CHEMBL4028924,CHEMBL927,IC50,11600.0,nM,=,,,,4.94,,,,,CHEMBL4028801,3006485,CHEMBL1743128
18130918,CHEMBL4028924,CHEMBL1071,IC50,12000.0,nM,=,,,,4.92,,,,,CHEMBL4028801,3006486,CHEMBL1743128
18130919,CHEMBL4028924,CHEMBL2,IC50,12500.0,nM,=,,,,4.90,,,,,CHEMBL4028801,3006487,CHEMBL1743128
18130920,CHEMBL4028924,CHEMBL685,IC50,15500.0,nM,=,,,,4.81,,,,,CHEMBL4028801,3006488,CHEMBL1743128
18130921,CHEMBL4028924,CHEMBL799,IC50,16600.0,nM,=,,,,4.78,,,,,CHEMBL4028801,3006489,CHEMBL1743128
18130922,CHEMBL4028924,CHEMBL53463,IC50,19000.0,nM,=,,,,4.72,,,,,CHEMBL4028801,3006490,CHEMBL1743128
18130923,CHEMBL4028924,CHEMBL50,IC50,20800.0,nM,=,,,,4.68,,,,,CHEMBL4028801,3006491,CHEMBL1743128
18130924,CHEMBL4028924,CHEMBL572,IC50,20900.0,nM,=,,,,4.68,,,,,CHEMBL4028801,3006492,CHEMBL1743128
18130925,CHEMBL4028924,CHEMBL19224,IC50,23130.0,nM,=,,,,4.64,,,,,CHEMBL4028801,3006493,CHEMBL1743128
18130926,CHEMBL4028924,CHEMBL95,IC50,23700.0,nM,=,,,,4.62,,,,,CHEMBL4028801,3006494,CHEMBL1743128
18130927,CHEMBL4028924,CHEMBL1010,IC50,24000.0,nM,=,,,,4.62,,,,,CHEMBL4028801,3006495,CHEMBL1743128
18130928,CHEMBL4028924,CHEMBL1744447,IC50,26800.0,nM,=,,,,4.57,,,,,CHEMBL4028801,3006496,CHEMBL1743128
18130929,CHEMBL4028924,CHEMBL1095930,IC50,28000.0,nM,=,,,,4.55,,,,,CHEMBL4028801,3006497,CHEMBL1743128
18130930,CHEMBL4028924,CHEMBL452231,IC50,34900.0,nM,=,,,,4.46,,,,,CHEMBL4028801,3006498,CHEMBL1743128
18130931,CHEMBL4028924,CHEMBL22969,IC50,35100.0,nM,=,,,,4.46,,,,,CHEMBL4028801,3006499,CHEMBL1743128
18130932,CHEMBL4028924,CHEMBL4101392,IC50,35600.0,nM,=,,,,4.45,,,,,CHEMBL4028801,3006500,CHEMBL1743128
18130933,CHEMBL4028924,CHEMBL650,IC50,40970.0,nM,=,,,,4.39,,,,,CHEMBL4028801,3006501,CHEMBL1743128
18130934,CHEMBL4028924,CHEMBL1294,IC50,45800.0,nM,=,,,,4.34,,,,,CHEMBL4028801,3006502,CHEMBL1743128
18130935,CHEMBL4028924,CHEMBL1200523,IC50,54200.0,nM,=,,,,4.27,,,,,CHEMBL4028801,3006503,CHEMBL1743128
18130936,CHEMBL4028924,CHEMBL5,IC50,57500.0,nM,=,,,,4.24,,,,,CHEMBL4028801,3006504,CHEMBL1743128
18130937,CHEMBL4028924,CHEMBL1276010,IC50,63900.0,nM,=,,,,4.19,,,,,CHEMBL4028801,3006505,CHEMBL1743128
18130938,CHEMBL4028924,CHEMBL1200621,IC50,73200.0,nM,=,,,,4.13,,,,,CHEMBL4028801,3006506,CHEMBL1743128
18130939,CHEMBL4028924,CHEMBL76,IC50,103900.0,nM,=,,,,,,Outside typical range,,,CHEMBL4028801,3006507,CHEMBL1743128
18130940,CHEMBL4028924,CHEMBL1370561,IC50,131000.0,nM,=,,,,,,Outside typical range,,,CHEMBL4028801,3006508,CHEMBL1743128
18130941,CHEMBL4028924,CHEMBL254328,IC50,133000.0,nM,>,,,,,,Outside typical range,,,CHEMBL4028801,3006509,CHEMBL1743128
18130942,CHEMBL4028924,CHEMBL404271,IC50,133000.0,nM,>,,,,,,Outside typical range,,,CHEMBL4028801,3006510,CHEMBL1743128
18130943,CHEMBL4028924,CHEMBL1097,IC50,133000.0,nM,>,,,,,,Outside typical range,,,CHEMBL4028801,3006511,CHEMBL1743128
18130944,CHEMBL4028924,CHEMBL20,IC50,133000.0,nM,>,,,,,,Outside typical range,,,CHEMBL4028801,3006512,CHEMBL1743128
18130945,CHEMBL4028924,CHEMBL345714,IC50,133000.0,nM,>,,,,,,Outside typical range,,,CHEMBL4028801,3006513,CHEMBL1743128
18130946,CHEMBL4028924,CHEMBL184,IC50,133000.0,nM,>,,,,,,Outside typical range,,,CHEMBL4028801,3006514,CHEMBL1743128
18130947,CHEMBL4028924,CHEMBL1265,IC50,133000.0,nM,>,,,,,,Outside typical range,,,CHEMBL4028801,3006515,CHEMBL1743128
18130948,CHEMBL4028924,CHEMBL10878,IC50,133000.0,nM,>,,,,,,Outside typical range,,,CHEMBL4028801,3006516,CHEMBL1743128
18130949,CHEMBL4028924,CHEMBL714,IC50,133000.0,nM,>,,,,,,Outside typical range,,,CHEMBL4028801,3006517,CHEMBL1743128
18130950,CHEMBL4028924,CHEMBL675,IC50,133000.0,nM,>,,,,,,Outside typical range,,,CHEMBL4028801,3006518,CHEMBL1743128
18130951,CHEMBL4028924,CHEMBL1467,IC50,133000.0,nM,>,,,,,,Outside typical range,,,CHEMBL4028801,3006519,CHEMBL1743128
18130952,CHEMBL4028924,CHEMBL266195,IC50,133000.0,nM,>,,,,,,Outside typical range,,,CHEMBL4028801,3006520,CHEMBL1743128
18130953,CHEMBL4028924,CHEMBL270190,IC50,133000.0,nM,>,,,,,,Outside typical range,,,CHEMBL4028801,3006521,CHEMBL1743128
18130954,CHEMBL4028924,CHEMBL177,IC50,133000.0,nM,>,,,,,,Outside typical range,,,CHEMBL4028801,3006522,CHEMBL1743128
18130955,CHEMBL4028924,CHEMBL488,IC50,133000.0,nM,>,,,,,,Outside typical range,,,CHEMBL4028801,3006523,CHEMBL1743128
18130956,CHEMBL4028924,CHEMBL243712,IC50,133000.0,nM,>,,,,,,Outside typical range,,,CHEMBL4028801,3006524,CHEMBL1743128
18130957,CHEMBL4028924,CHEMBL629,IC50,133000.0,nM,>,,,,,,Outside typical range,,,CHEMBL4028801,3006525,CHEMBL1743128
18130958,CHEMBL4028924,CHEMBL1491,IC50,133000.0,nM,>,,,,,,Outside typical range,,,CHEMBL4028801,3006526,CHEMBL1743128
18130959,CHEMBL4028924,CHEMBL1113,IC50,133000.0,nM,>,,,,,,Outside typical range,,,CHEMBL4028801,3006527,CHEMBL1743128
18130960,CHEMBL4028924,CHEMBL1082,IC50,133000.0,nM,>,,,,,,Outside typical range,,,CHEMBL4028801,3006528,CHEMBL1743128
18130961,CHEMBL4028924,CHEMBL12856,IC50,133000.0,nM,>,,,,,,Outside typical range,,,CHEMBL4028801,3006529,CHEMBL1743128
18130962,CHEMBL4028924,CHEMBL1399,IC50,133000.0,nM,>,,,,,,Outside typical range,,,CHEMBL4028801,3006530,CHEMBL1743128
18130963,CHEMBL4028924,CHEMBL46469,IC50,133000.0,nM,>,,,,,,Outside typical range,,,CHEMBL4028801,3006531,CHEMBL1743128
18130964,CHEMBL4028924,CHEMBL277474,IC50,133000.0,nM,>,,,,,,Outside typical range,,,CHEMBL4028801,3006532,CHEMBL1743128
18130965,CHEMBL4028924,CHEMBL112,IC50,133000.0,nM,>,,,,,,Outside typical range,,,CHEMBL4028801,3006533,CHEMBL1743128
18130966,CHEMBL4028924,CHEMBL1471,IC50,133000.0,nM,>,,,,,,Outside typical range,,,CHEMBL4028801,3006534,CHEMBL1743128
18130967,CHEMBL4028924,CHEMBL1112,IC50,133000.0,nM,>,,,,,,Outside typical range,,,CHEMBL4028801,3006535,CHEMBL1743128
18130968,CHEMBL4028924,CHEMBL566534,IC50,133000.0,nM,>,,,,,,Outside typical range,,,CHEMBL4028801,3006536,CHEMBL1743128
18130969,CHEMBL4028924,CHEMBL269671,IC50,133000.0,nM,>,,,,,,Outside typical range,,,CHEMBL4028801,3006537,CHEMBL1743128
18130970,CHEMBL4028924,CHEMBL361497,IC50,133000.0,nM,>,,,,,,Outside typical range,,,CHEMBL4028801,3006538,CHEMBL1743128
18130971,CHEMBL4028924,CHEMBL25,IC50,133000.0,nM,>,,,,,,Outside typical range,,,CHEMBL4028801,3006539,CHEMBL1743128
18130972,CHEMBL4028924,CHEMBL24,IC50,133000.0,nM,>,,,,,,Outside typical range,,,CHEMBL4028801,3006540,CHEMBL1743128
18130973,CHEMBL4028924,CHEMBL1702,IC50,133000.0,nM,>,,,,,,Outside typical range,,,CHEMBL4028801,3006541,CHEMBL1743128
18130974,CHEMBL4028924,CHEMBL382301,IC50,133000.0,nM,>,,,,,,Outside typical range,,,CHEMBL4028801,3006542,CHEMBL1743128
18130975,CHEMBL4028924,CHEMBL1200527,IC50,133000.0,nM,>,,,,,,Outside typical range,,,CHEMBL4028801,3006543,CHEMBL1743128
18130976,CHEMBL4028924,CHEMBL517712,IC50,133000.0,nM,>,,,,,,Outside typical range,,,CHEMBL4028801,3006544,CHEMBL1743128
18130977,CHEMBL4028924,CHEMBL1542,IC50,133000.0,nM,>,,,,,,Outside typical range,,,CHEMBL4028801,3006545,CHEMBL1743128
18130978,CHEMBL4028924,CHEMBL529,IC50,133000.0,nM,>,,,,,,Outside typical range,,,CHEMBL4028801,3006546,CHEMBL1743128
18130979,CHEMBL4028924,CHEMBL1201041,IC50,133000.0,nM,>,,,,,,Outside typical range,,,CHEMBL4028801,3006547,CHEMBL1743128
18130980,CHEMBL4028924,CHEMBL701,IC50,133000.0,nM,>,,,,,,Outside typical range,,,CHEMBL4028801,3006548,CHEMBL1743128
18130981,CHEMBL4028924,CHEMBL110,IC50,133000.0,nM,>,,,,,,Outside typical range,,,CHEMBL4028801,3006549,CHEMBL1743128
18130982,CHEMBL4028924,CHEMBL278172,IC50,133000.0,nM,>,,,,,,Outside typical range,,,CHEMBL4028801,3006550,CHEMBL1743128
18130983,CHEMBL4028924,CHEMBL632,IC50,133000.0,nM,>,,,,,,Outside typical range,,,CHEMBL4028801,3006551,CHEMBL1743128
18130984,CHEMBL4028924,CHEMBL1231530,IC50,133000.0,nM,>,,,,,,Outside typical range,,,CHEMBL4028801,3006552,CHEMBL1743128
18130985,CHEMBL4028924,CHEMBL1023,IC50,133000.0,nM,>,,,,,,Outside typical range,,,CHEMBL4028801,3006553,CHEMBL1743128
18130986,CHEMBL4028924,CHEMBL942,IC50,133000.0,nM,>,,,,,,Outside typical range,,,CHEMBL4028801,3006554,CHEMBL1743128
18130987,CHEMBL4028924,CHEMBL1472989,IC50,133000.0,nM,>,,,,,,Outside typical range,,,CHEMBL4028801,3006555,CHEMBL1743128
18130988,CHEMBL4028924,CHEMBL5314348,IC50,133000.0,nM,>,,,,,,Outside typical range,,,CHEMBL4028801,3006556,CHEMBL1743128
18130989,CHEMBL4028924,CHEMBL325041,IC50,133000.0,nM,>,,,,,,Outside typical range,,,CHEMBL4028801,3006557,CHEMBL1743128
18130990,CHEMBL4028924,CHEMBL220491,IC50,133000.0,nM,>,,,,,,Outside typical range,,,CHEMBL4028801,3006558,CHEMBL1743128
18130991,CHEMBL4028924,CHEMBL1077,IC50,133000.0,nM,>,,,,,,Outside typical range,,,CHEMBL4028801,3006559,CHEMBL1743128
18130992,CHEMBL4028924,CHEMBL399510,IC50,133000.0,nM,>,,,,,,Outside typical range,,,CHEMBL4028801,3006560,CHEMBL1743128
18130993,CHEMBL4028924,CHEMBL1200961,IC50,133000.0,nM,>,,,,,,Outside typical range,,,CHEMBL4028801,3006561,CHEMBL1743128
18130994,CHEMBL4028924,CHEMBL1408862,IC50,133000.0,nM,>,,,,,,Outside typical range,,,CHEMBL4028801,3006562,CHEMBL1743128
18130995,CHEMBL4028924,CHEMBL1072,IC50,133000.0,nM,>,,,,,,Outside typical range,,,CHEMBL4028801,3006563,CHEMBL1743128
18130996,CHEMBL4028924,CHEMBL1698,IC50,133000.0,nM,>,,,,,,Outside typical range,,,CHEMBL4028801,3006564,CHEMBL1743128
18130997,CHEMBL4028924,CHEMBL820,IC50,133000.0,nM,>,,,,,,Outside typical range,,,CHEMBL4028801,3006565,CHEMBL1743128
18130998,CHEMBL4028924,CHEMBL33986,IC50,133000.0,nM,>,,,,,,Outside typical range,,,CHEMBL4028801,3006566,CHEMBL1743128
18130999,CHEMBL4028924,CHEMBL1201087,IC50,133000.0,nM,>,,,,,,Outside typical range,,,CHEMBL4028801,3006567,CHEMBL1743128
18131000,CHEMBL4028924,CHEMBL113,IC50,133000.0,nM,>,,,,,,Outside typical range,,,CHEMBL4028801,3006568,CHEMBL1743128
18131001,CHEMBL4028924,CHEMBL1560,IC50,133000.0,nM,>,,,,,,Outside typical range,,,CHEMBL4028801,3006569,CHEMBL1743128
18131002,CHEMBL4028924,CHEMBL108,IC50,133000.0,nM,>,,,,,,Outside typical range,,,CHEMBL4028801,3006570,CHEMBL1743128
18131003,CHEMBL4028924,CHEMBL1201236,IC50,133000.0,nM,>,,,,,,Outside typical range,,,CHEMBL4028801,3006571,CHEMBL1743128
18131004,CHEMBL4028924,CHEMBL513,IC50,133000.0,nM,>,,,,,,Outside typical range,,,CHEMBL4028801,3006572,CHEMBL1743128
18131005,CHEMBL4028924,CHEMBL723,IC50,133000.0,nM,>,,,,,,Outside typical range,,,CHEMBL4028801,3006573,CHEMBL1743128
18131006,CHEMBL4028924,CHEMBL44814,IC50,133000.0,nM,>,,,,,,Outside typical range,,,CHEMBL4028801,3006574,CHEMBL1743128
18131007,CHEMBL4028924,CHEMBL680,IC50,133000.0,nM,>,,,,,,Outside typical range,,,CHEMBL4028801,3006575,CHEMBL1743128
18131008,CHEMBL4028924,CHEMBL1644,IC50,133000.0,nM,>,,,,,,Outside typical range,,,CHEMBL4028801,3006576,CHEMBL1743128
18131009,CHEMBL4028924,CHEMBL1541,IC50,133000.0,nM,>,,,,,,Outside typical range,,,CHEMBL4028801,3006577,CHEMBL1743128
18131010,CHEMBL4028924,CHEMBL474579,IC50,133000.0,nM,>,,,,,,Outside typical range,,,CHEMBL4028801,3006578,CHEMBL1743128
18131011,CHEMBL4028924,CHEMBL118,IC50,133000.0,nM,>,,,,,,Outside typical range,,,CHEMBL4028801,3006579,CHEMBL1743128
18131012,CHEMBL4028924,CHEMBL515,IC50,133000.0,nM,>,,,,,,Outside typical range,,,CHEMBL4028801,3006580,CHEMBL1743128
18131013,CHEMBL4028924,CHEMBL130,IC50,133000.0,nM,>,,,,,,Outside typical range,,,CHEMBL4028801,3006581,CHEMBL1743128
18131014,CHEMBL4028924,CHEMBL478,IC50,133000.0,nM,>,,,,,,Outside typical range,,,CHEMBL4028801,3006582,CHEMBL1743128
18131015,CHEMBL4028924,CHEMBL505,IC50,133000.0,nM,>,,,,,,Outside typical range,,,CHEMBL4028801,3006583,CHEMBL1743128
18131016,CHEMBL4028924,CHEMBL71,IC50,133000.0,nM,>,,,,,,Outside typical range,,,CHEMBL4028801,3006584,CHEMBL1743128
18131017,CHEMBL4028924,CHEMBL498,IC50,133000.0,nM,>,,,,,,Outside typical range,,,CHEMBL4028801,3006585,CHEMBL1743128
18131018,CHEMBL4028924,CHEMBL1055,IC50,133000.0,nM,>,,,,,,Outside typical range,,,CHEMBL4028801,3006586,CHEMBL1743128
18131019,CHEMBL4028924,CHEMBL1371,IC50,133000.0,nM,>,,,,,,Outside typical range,,,CHEMBL4028801,3006587,CHEMBL1743128
18131020,CHEMBL4028924,CHEMBL87045,IC50,133000.0,nM,>,,,,,,Outside typical range,,,CHEMBL4028801,3006588,CHEMBL1743128
18131021,CHEMBL4028924,CHEMBL2040682,IC50,133000.0,nM,>,,,,,,Outside typical range,,,CHEMBL4028801,3006589,CHEMBL1743128
18131022,CHEMBL4028924,CHEMBL1413,IC50,133000.0,nM,>,,,,,,Outside typical range,,,CHEMBL4028801,3006590,CHEMBL1743128
18131023,CHEMBL4028924,CHEMBL5314375,IC50,133000.0,nM,>,,,,,,Outside typical range,,,CHEMBL4028801,3006591,CHEMBL1743128
18131024,CHEMBL4028924,CHEMBL30,IC50,133000.0,nM,>,,,,,,Outside typical range,,,CHEMBL4028801,3006592,CHEMBL1743128
18131025,CHEMBL4028924,CHEMBL557555,IC50,133000.0,nM,>,,,,,,Outside typical range,,,CHEMBL4028801,3006593,CHEMBL1743128
18131026,CHEMBL4028924,CHEMBL8,IC50,133000.0,nM,>,,,,,,Outside typical range,,,CHEMBL4028801,3006594,CHEMBL1743128
18131027,CHEMBL4028924,CHEMBL549,IC50,133000.0,nM,>,,,,,,Outside typical range,,,CHEMBL4028801,3006595,CHEMBL1743128
18131028,CHEMBL4028924,CHEMBL1619,IC50,133000.0,nM,>,,,,,,Outside typical range,,,CHEMBL4028801,3006596,CHEMBL1743128
18131029,CHEMBL4028924,CHEMBL1741,IC50,133000.0,nM,>,,,,,,Outside typical range,,,CHEMBL4028801,3006597,CHEMBL1743128
18131030,CHEMBL4028924,CHEMBL497,IC50,133000.0,nM,>,,,,,,Outside typical range,,,CHEMBL4028801,3006598,CHEMBL1743128
18131031,CHEMBL4028924,CHEMBL70418,IC50,133000.0,nM,>,,,,,,Outside typical range,,,CHEMBL4028801,3006599,CHEMBL1743128
18131032,CHEMBL4028924,CHEMBL1750,IC50,133000.0,nM,>,,,,,,Outside typical range,,,CHEMBL4028801,3006600,CHEMBL1743128
18131033,CHEMBL4028924,CHEMBL2355051,IC50,133000.0,nM,>,,,,,,Outside typical range,,,CHEMBL4028801,3006601,CHEMBL1743128
18131034,CHEMBL4028924,CHEMBL415,IC50,133000.0,nM,>,,,,,,Outside typical range,,,CHEMBL4028801,3006602,CHEMBL1743128
18131035,CHEMBL4028924,CHEMBL1605650,IC50,133000.0,nM,>,,,,,,Outside typical range,,,CHEMBL4028801,3006603,CHEMBL1743128
18131036,CHEMBL4028924,CHEMBL42,IC50,133000.0,nM,>,,,,,,Outside typical range,,,CHEMBL4028801,3006604,CHEMBL1743128
18131037,CHEMBL4028924,CHEMBL107,IC50,133000.0,nM,>,,,,,,Outside typical range,,,CHEMBL4028801,3006605,CHEMBL1743128
18131038,CHEMBL4028924,CHEMBL221959,IC50,133000.0,nM,>,,,,,,Outside typical range,,,CHEMBL4028801,3006606,CHEMBL1743128
18131039,CHEMBL4028924,CHEMBL88,IC50,133000.0,nM,>,,,,,,Outside typical range,,,CHEMBL4028801,3006607,CHEMBL1743128
18131040,CHEMBL4028924,CHEMBL803,IC50,133000.0,nM,>,,,,,,Outside typical range,,,CHEMBL4028801,3006608,CHEMBL1743128
18131041,CHEMBL4028924,CHEMBL476,IC50,133000.0,nM,>,,,,,,Outside typical range,,,CHEMBL4028801,3006609,CHEMBL1743128
18131042,CHEMBL4028924,CHEMBL1043,IC50,133000.0,nM,>,,,,,,Outside typical range,,,CHEMBL4028801,3006610,CHEMBL1743128
18131043,CHEMBL4028924,CHEMBL387675,IC50,133000.0,nM,>,,,,,,Outside typical range,,,CHEMBL4028801,3006611,CHEMBL1743128
18131044,CHEMBL4028924,CHEMBL1201129,IC50,133000.0,nM,>,,,,,,Outside typical range,,,CHEMBL4028801,3006612,CHEMBL1743128
18131045,CHEMBL4028924,CHEMBL72,IC50,133000.0,nM,>,,,,,,Outside typical range,,,CHEMBL4028801,3006613,CHEMBL1743128
18131046,CHEMBL4028924,CHEMBL1172,IC50,133000.0,nM,>,,,,,,Outside typical range,,,CHEMBL4028801,3006614,CHEMBL1743128
18131047,CHEMBL4028924,CHEMBL1200556,IC50,133000.0,nM,>,,,,,,Outside typical range,,,CHEMBL4028801,3006615,CHEMBL1743128
18131048,CHEMBL4028924,CHEMBL384467,IC50,133000.0,nM,>,,,,,,Outside typical range,,,CHEMBL4028801,3006616,CHEMBL1743128
18131049,CHEMBL4028924,CHEMBL1200638,IC50,133000.0,nM,>,,,,,,Outside typical range,,,CHEMBL4028801,3006617,CHEMBL1743128
18131050,CHEMBL4028924,CHEMBL1200927,IC50,133000.0,nM,>,,,,,,Outside typical range,,,CHEMBL4028801,3006618,CHEMBL1743128
18131051,CHEMBL4028924,CHEMBL1201863,IC50,133000.0,nM,>,,,,,,Outside typical range,,,CHEMBL4028801,3006619,CHEMBL1743128
18131052,CHEMBL4028924,CHEMBL1201220,IC50,133000.0,nM,>,,,,,,Outside typical range,,,CHEMBL4028801,3006620,CHEMBL1743128
18131053,CHEMBL4028924,CHEMBL12,IC50,133000.0,nM,>,,,,,,Outside typical range,,,CHEMBL4028801,3006621,CHEMBL1743128
18131054,CHEMBL4028924,CHEMBL181,IC50,133000.0,nM,>,,,,,,Outside typical range,,,CHEMBL4028801,3006622,CHEMBL1743128
18131055,CHEMBL4028924,CHEMBL1460,IC50,133000.0,nM,>,,,,,,Outside typical range,,,CHEMBL4028801,3006623,CHEMBL1743128
18131056,CHEMBL4028924,CHEMBL23,IC50,133000.0,nM,>,,,,,,Outside typical range,,,CHEMBL4028801,3006624,CHEMBL1743128
18131057,CHEMBL4028924,CHEMBL1200406,IC50,133000.0,nM,>,,,,,,Outside typical range,,,CHEMBL4028801,3006625,CHEMBL1743128
18131058,CHEMBL4028924,CHEMBL4096520,IC50,133000.0,nM,>,,,,,,Outside typical range,,,CHEMBL4028801,3006626,CHEMBL1743128
18131059,CHEMBL4028924,CHEMBL517,IC50,133000.0,nM,>,,,,,,Outside typical range,,,CHEMBL4028801,3006627,CHEMBL1743128
18131060,CHEMBL4028924,CHEMBL473,IC50,133000.0,nM,>,,,,,,Outside typical range,,,CHEMBL4028801,3006628,CHEMBL1743128
18131061,CHEMBL4028924,CHEMBL2373322,IC50,133000.0,nM,>,,,,,,Outside typical range,,,CHEMBL4028801,3006629,CHEMBL1743128
18131062,CHEMBL4028924,CHEMBL219916,IC50,133000.0,nM,>,,,,,,Outside typical range,,,CHEMBL4028801,3006630,CHEMBL1743128
18131063,CHEMBL4028924,CHEMBL491571,IC50,133000.0,nM,>,,,,,,Outside typical range,,,CHEMBL4028801,3006631,CHEMBL1743128
18131064,CHEMBL4028924,CHEMBL1628227,IC50,133000.0,nM,>,,,,,,Outside typical range,,,CHEMBL4028801,3006632,CHEMBL1743128
18131065,CHEMBL4028924,CHEMBL1256723,IC50,133000.0,nM,>,,,,,,Outside typical range,,,CHEMBL4028801,3006633,CHEMBL1743128
18131066,CHEMBL4028924,CHEMBL1200328,IC50,133000.0,nM,>,,,,,,Outside typical range,,,CHEMBL4028801,3006634,CHEMBL1743128
18131067,CHEMBL4028924,CHEMBL305660,IC50,133000.0,nM,>,,,,,,Outside typical range,,,CHEMBL4028801,3006635,CHEMBL1743128
18131068,CHEMBL4028924,CHEMBL223228,IC50,133000.0,nM,>,,,,,,Outside typical range,,,CHEMBL4028801,3006636,CHEMBL1743128
18131069,CHEMBL4028924,CHEMBL536971,IC50,133000.0,nM,>,,,,,,Outside typical range,,,CHEMBL4028801,3006637,CHEMBL1743128
18131070,CHEMBL4028924,CHEMBL50588,IC50,133000.0,nM,>,,,,,,Outside typical range,,,CHEMBL4028801,3006638,CHEMBL1743128
18131071,CHEMBL4028924,CHEMBL885,IC50,133000.0,nM,>,,,,,,Outside typical range,,,CHEMBL4028801,3006639,CHEMBL1743128
18131072,CHEMBL4028924,CHEMBL1200659,IC50,133000.0,nM,>,,,,,,Outside typical range,,,CHEMBL4028801,3006640,CHEMBL1743128
18131073,CHEMBL4028924,CHEMBL577,IC50,133000.0,nM,>,,,,,,Outside typical range,,,CHEMBL4028801,3006641,CHEMBL1743128
18131074,CHEMBL4028924,CHEMBL826,IC50,133000.0,nM,>,,,,,,Outside typical range,,,CHEMBL4028801,3006642,CHEMBL1743128
18131075,CHEMBL4028924,CHEMBL5314362,IC50,133000.0,nM,>,,,,,,Outside typical range,,,CHEMBL4028801,3006643,CHEMBL1743128
18131076,CHEMBL4028924,CHEMBL1200981,IC50,133000.0,nM,>,,,,,,Outside typical range,,,CHEMBL4028801,3006644,CHEMBL1743128
18131077,CHEMBL4028924,CHEMBL1095097,IC50,133000.0,nM,>,,,,,,Outside typical range,,,CHEMBL4028801,3006645,CHEMBL1743128
18131078,CHEMBL4028924,CHEMBL813,IC50,133000.0,nM,>,,,,,,Outside typical range,,,CHEMBL4028801,3006646,CHEMBL1743128
18131079,CHEMBL4028924,CHEMBL4068311,IC50,133000.0,nM,>,,,,,,Outside typical range,,,CHEMBL4028801,3006647,CHEMBL1743128
18131080,CHEMBL4028924,CHEMBL5314359,IC50,133000.0,nM,>,,,,,,Outside typical range,,,CHEMBL4028801,3006648,CHEMBL1743128
18131081,CHEMBL4028924,CHEMBL532,IC50,133000.0,nM,>,,,,,,Outside typical range,,,CHEMBL4028801,3006649,CHEMBL1743128
18131082,CHEMBL4028924,CHEMBL1200322,IC50,133000.0,nM,>,,,,,,Outside typical range,,,CHEMBL4028801,3006650,CHEMBL1743128
18131083,CHEMBL4028924,CHEMBL135,IC50,133000.0,nM,>,,,,,,Outside typical range,,,CHEMBL4028801,3006651,CHEMBL1743128
18131084,CHEMBL4028924,CHEMBL1522,IC50,133000.0,nM,>,,,,,,Outside typical range,,,CHEMBL4028801,3006652,CHEMBL1743128
18131085,CHEMBL4028924,CHEMBL456,IC50,133000.0,nM,>,,,,,,Outside typical range,,,CHEMBL4028801,3006653,CHEMBL1743128
18131086,CHEMBL4028924,CHEMBL1201042,IC50,133000.0,nM,>,,,,,,Outside typical range,,,CHEMBL4028801,3006654,CHEMBL1743128
18131087,CHEMBL4028924,CHEMBL44657,IC50,133000.0,nM,>,,,,,,Outside typical range,,,CHEMBL4028801,3006655,CHEMBL1743128
18131088,CHEMBL4028924,CHEMBL1200645,IC50,133000.0,nM,>,,,,,,Outside typical range,,,CHEMBL4028801,3006656,CHEMBL1743128
18131089,CHEMBL4028924,CHEMBL464,IC50,133000.0,nM,>,,,,,,Outside typical range,,,CHEMBL4028801,3006657,CHEMBL1743128
18131090,CHEMBL4028924,CHEMBL880,IC50,133000.0,nM,>,,,,,,Outside typical range,,,CHEMBL4028801,3006658,CHEMBL1743128
18131091,CHEMBL4028924,CHEMBL902,IC50,133000.0,nM,>,,,,,,Outside typical range,,,CHEMBL4028801,3006659,CHEMBL1743128
18131092,CHEMBL4028924,CHEMBL1026,IC50,133000.0,nM,>,,,,,,Outside typical range,,,CHEMBL4028801,3006660,CHEMBL1743128
18131093,CHEMBL4028924,CHEMBL249856,IC50,133000.0,nM,>,,,,,,Outside typical range,,,CHEMBL4028801,3006661,CHEMBL1743128
18131094,CHEMBL4028924,CHEMBL1201765,IC50,133000.0,nM,>,,,,,,Outside typical range,,,CHEMBL4028801,3006662,CHEMBL1743128
18131095,CHEMBL4028924,CHEMBL6273,IC50,133000.0,nM,>,,,,,,Outside typical range,,,CHEMBL4028801,3006663,CHEMBL1743128
18131096,CHEMBL4028924,CHEMBL106,IC50,133000.0,nM,>,,,,,,Outside typical range,,,CHEMBL4028801,3006664,CHEMBL1743128
18131097,CHEMBL4028924,CHEMBL1463,IC50,133000.0,nM,>,,,,,,Outside typical range,,,CHEMBL4028801,3006665,CHEMBL1743128
18131098,CHEMBL4028924,CHEMBL1096882,IC50,133000.0,nM,>,,,,,,Outside typical range,,,CHEMBL4028801,3006666,CHEMBL1743128
18131099,CHEMBL4028924,CHEMBL407,IC50,133000.0,nM,>,,,,,,Outside typical range,,,CHEMBL4028801,3006667,CHEMBL1743128
18131100,CHEMBL4028924,CHEMBL1512,IC50,133000.0,nM,>,,,,,,Outside typical range,,,CHEMBL4028801,3006668,CHEMBL1743128
18131101,CHEMBL4028924,CHEMBL177756,IC50,133000.0,nM,>,,,,,,Outside typical range,,,CHEMBL4028801,3006669,CHEMBL1743128
18131102,CHEMBL4028924,CHEMBL185,IC50,133000.0,nM,>,,,,,,Outside typical range,,,CHEMBL4028801,3006670,CHEMBL1743128
18131103,CHEMBL4028924,CHEMBL41,IC50,133000.0,nM,>,,,,,,Outside typical range,,,CHEMBL4028801,3006671,CHEMBL1743128
18131104,CHEMBL4028924,CHEMBL806,IC50,133000.0,nM,>,,,,,,Outside typical range,,,CHEMBL4028801,3006672,CHEMBL1743128
18131105,CHEMBL4028924,CHEMBL1473,IC50,133000.0,nM,>,,,,,,Outside typical range,,,CHEMBL4028801,3006673,CHEMBL1743128
18131106,CHEMBL4028924,CHEMBL1409,IC50,133000.0,nM,>,,,,,,Outside typical range,,,CHEMBL4028801,3006674,CHEMBL1743128
18131107,CHEMBL4028924,CHEMBL1893395,IC50,133000.0,nM,>,,,,,,Outside typical range,,,CHEMBL4028801,3006675,CHEMBL1743128
18131108,CHEMBL4028924,CHEMBL754,IC50,133000.0,nM,>,,,,,,Outside typical range,,,CHEMBL4028801,3006676,CHEMBL1743128
18131109,CHEMBL4028924,CHEMBL1358,IC50,133000.0,nM,>,,,,,,Outside typical range,,,CHEMBL4028801,3006677,CHEMBL1743128
18131110,CHEMBL4028924,CHEMBL35,IC50,133000.0,nM,>,,,,,,Outside typical range,,,CHEMBL4028801,3006678,CHEMBL1743128
18131111,CHEMBL4028924,CHEMBL659,IC50,133000.0,nM,>,,,,,,Outside typical range,,,CHEMBL4028801,3006679,CHEMBL1743128
18131112,CHEMBL4028924,CHEMBL182,IC50,133000.0,nM,>,,,,,,Outside typical range,,,CHEMBL4028801,3006680,CHEMBL1743128
18131113,CHEMBL4028924,CHEMBL31,IC50,133000.0,nM,>,,,,,,Outside typical range,,,CHEMBL4028801,3006681,CHEMBL1743128
18131114,CHEMBL4028924,CHEMBL1637,IC50,133000.0,nM,>,,,,,,Outside typical range,,,CHEMBL4028801,3006682,CHEMBL1743128
18131115,CHEMBL4028924,CHEMBL457,IC50,133000.0,nM,>,,,,,,Outside typical range,,,CHEMBL4028801,3006683,CHEMBL1743128
18131116,CHEMBL4028924,CHEMBL1213583,IC50,133000.0,nM,>,,,,,,Outside typical range,,,CHEMBL4028801,3006684,CHEMBL1743128
18131117,CHEMBL4028924,CHEMBL427216,IC50,133000.0,nM,>,,,,,,Outside typical range,,,CHEMBL4028801,3006685,CHEMBL1743128
18131118,CHEMBL4028924,CHEMBL1073,IC50,133000.0,nM,>,,,,,,Outside typical range,,,CHEMBL4028801,3006686,CHEMBL1743128
18131119,CHEMBL4028924,CHEMBL1200501,IC50,133000.0,nM,>,,,,,,Outside typical range,,,CHEMBL4028801,3006687,CHEMBL1743128
18131120,CHEMBL4028924,CHEMBL862,IC50,133000.0,nM,>,,,,,,Outside typical range,,,CHEMBL4028801,3006688,CHEMBL1743128
18131121,CHEMBL4028924,CHEMBL54,IC50,133000.0,nM,>,,,,,,Outside typical range,,,CHEMBL4028801,3006689,CHEMBL1743128
18131122,CHEMBL4028924,CHEMBL435,IC50,133000.0,nM,>,,,,,,Outside typical range,,,CHEMBL4028801,3006690,CHEMBL1743128
18131123,CHEMBL4028924,CHEMBL1763,IC50,133000.0,nM,>,,,,,,Outside typical range,,,CHEMBL4028801,3006691,CHEMBL1743128
18131124,CHEMBL4028924,CHEMBL1690,IC50,133000.0,nM,>,,,,,,Outside typical range,,,CHEMBL4028801,3006692,CHEMBL1743128
18131125,CHEMBL4028924,CHEMBL467,IC50,133000.0,nM,>,,,,,,Outside typical range,,,CHEMBL4028801,3006693,CHEMBL1743128
18131126,CHEMBL4028924,CHEMBL10316,IC50,133000.0,nM,>,,,,,,Outside typical range,,,CHEMBL4028801,3006694,CHEMBL1743128
18131127,CHEMBL4028924,CHEMBL1024,IC50,133000.0,nM,>,,,,,,Outside typical range,,,CHEMBL4028801,3006695,CHEMBL1743128
18131128,CHEMBL4028924,CHEMBL11,IC50,133000.0,nM,>,,,,,,Outside typical range,,,CHEMBL4028801,3006696,CHEMBL1743128
18131129,CHEMBL4028924,CHEMBL1282,IC50,133000.0,nM,>,,,,,,Outside typical range,,,CHEMBL4028801,3006697,CHEMBL1743128
18131130,CHEMBL4028924,CHEMBL406,IC50,133000.0,nM,>,,,,,,Outside typical range,,,CHEMBL4028801,3006698,CHEMBL1743128
18131131,CHEMBL4028924,CHEMBL279516,IC50,133000.0,nM,>,,,,,,Outside typical range,,,CHEMBL4028801,3006699,CHEMBL1743128
18131132,CHEMBL4028924,CHEMBL1200455,IC50,133000.0,nM,>,,,,,,Outside typical range,,,CHEMBL4028801,3006700,CHEMBL1743128
18131133,CHEMBL4028924,CHEMBL1237108,IC50,133000.0,nM,>,,,,,,Outside typical range,,,CHEMBL4028801,3006701,CHEMBL1743128
18131134,CHEMBL4028924,CHEMBL92401,IC50,133000.0,nM,>,,,,,,Outside typical range,,,CHEMBL4028801,3006702,CHEMBL1743128
18131135,CHEMBL4028924,CHEMBL64,IC50,133000.0,nM,>,,,,,,Outside typical range,,,CHEMBL4028801,3006703,CHEMBL1743128
18131136,CHEMBL4028924,CHEMBL53292,IC50,133000.0,nM,>,,,,,,Outside typical range,,,CHEMBL4028801,3006704,CHEMBL1743128
18131137,CHEMBL4028924,CHEMBL1384,IC50,133000.0,nM,>,,,,,,Outside typical range,,,CHEMBL4028801,3006705,CHEMBL1743128
18131138,CHEMBL4028924,CHEMBL742,IC50,133000.0,nM,>,,,,,,Outside typical range,,,CHEMBL4028801,3006706,CHEMBL1743128
18131139,CHEMBL4028924,CHEMBL51,IC50,133000.0,nM,>,,,,,,Outside typical range,,,CHEMBL4028801,3006707,CHEMBL1743128
18131140,CHEMBL4028924,CHEMBL1633,IC50,133000.0,nM,>,,,,,,Outside typical range,,,CHEMBL4028801,3006708,CHEMBL1743128
18131141,CHEMBL4028924,CHEMBL58323,IC50,133000.0,nM,>,,,,,,Outside typical range,,,CHEMBL4028801,3006709,CHEMBL1743128
18131142,CHEMBL4028924,CHEMBL141,IC50,133000.0,nM,>,,,,,,Outside typical range,,,CHEMBL4028801,3006710,CHEMBL1743128
18131143,CHEMBL4028924,CHEMBL480,IC50,133000.0,nM,>,,,,,,Outside typical range,,,CHEMBL4028801,3006711,CHEMBL1743128
18131144,CHEMBL4028924,CHEMBL960,IC50,133000.0,nM,>,,,,,,Outside typical range,,,CHEMBL4028801,3006712,CHEMBL1743128
18131145,CHEMBL4028924,CHEMBL848,IC50,133000.0,nM,>,,,,,,Outside typical range,,,CHEMBL4028801,3006713,CHEMBL1743128
18131146,CHEMBL4028924,CHEMBL1201138,IC50,133000.0,nM,>,,,,,,Outside typical range,,,CHEMBL4028801,3006714,CHEMBL1743128
18131147,CHEMBL4028924,CHEMBL1200775,IC50,133000.0,nM,>,,,,,,Outside typical range,,,CHEMBL4028801,3006715,CHEMBL1743128
18131148,CHEMBL4028924,CHEMBL1286,IC50,133000.0,nM,>,,,,,,Outside typical range,,,CHEMBL4028801,3006716,CHEMBL1743128
18131149,CHEMBL4028924,CHEMBL1009,IC50,133000.0,nM,>,,,,,,Outside typical range,,,CHEMBL4028801,3006717,CHEMBL1743128
18131150,CHEMBL4028924,CHEMBL5315124,IC50,133000.0,nM,>,,,,,,Outside typical range,,,CHEMBL4028801,3006718,CHEMBL1743128
18131151,CHEMBL4028924,CHEMBL267044,IC50,133000.0,nM,>,,,,,,Outside typical range,,,CHEMBL4028801,3006719,CHEMBL1743128
18131152,CHEMBL4028924,CHEMBL79,IC50,133000.0,nM,>,,,,,,Outside typical range,,,CHEMBL4028801,3006720,CHEMBL1743128
18131153,CHEMBL4028924,CHEMBL1237,IC50,133000.0,nM,>,,,,,,Outside typical range,,,CHEMBL4028801,3006721,CHEMBL1743128
18131154,CHEMBL4028924,CHEMBL87708,IC50,133000.0,nM,>,,,,,,Outside typical range,,,CHEMBL4028801,3006722,CHEMBL1743128
18131155,CHEMBL4028924,CHEMBL514,IC50,133000.0,nM,>,,,,,,Outside typical range,,,CHEMBL4028801,3006723,CHEMBL1743128
18131156,CHEMBL4028924,CHEMBL87543,IC50,133000.0,nM,>,,,,,,Outside typical range,,,CHEMBL4028801,3006724,CHEMBL1743128
18131157,CHEMBL4028924,CHEMBL404108,IC50,133000.0,nM,>,,,,,,Outside typical range,,,CHEMBL4028801,3006725,CHEMBL1743128
18131158,CHEMBL4028924,CHEMBL373742,IC50,133000.0,nM,>,,,,,,Outside typical range,,,CHEMBL4028801,3006726,CHEMBL1743128
18131159,CHEMBL4028924,CHEMBL1201161,IC50,133000.0,nM,>,,,,,,Outside typical range,,,CHEMBL4028801,3006727,CHEMBL1743128
18131160,CHEMBL4028924,CHEMBL21731,IC50,133000.0,nM,>,,,,,,Outside typical range,,,CHEMBL4028801,3006728,CHEMBL1743128
18131161,CHEMBL4028924,CHEMBL266510,IC50,133000.0,nM,>,,,,,,Outside typical range,,,CHEMBL4028801,3006729,CHEMBL1743128
18131162,CHEMBL4028924,CHEMBL686,IC50,133000.0,nM,>,,,,,,Outside typical range,,,CHEMBL4028801,3006730,CHEMBL1743128
18131163,CHEMBL4028924,CHEMBL45,IC50,133000.0,nM,>,,,,,,Outside typical range,,,CHEMBL4028801,3006731,CHEMBL1743128
18131164,CHEMBL4028924,CHEMBL1531134,IC50,133000.0,nM,>,,,,,,Outside typical range,,,CHEMBL4028801,3006732,CHEMBL1743128
18131165,CHEMBL4028924,CHEMBL852,IC50,133000.0,nM,>,,,,,,Outside typical range,,,CHEMBL4028801,3006733,CHEMBL1743128
18131166,CHEMBL4028924,CHEMBL127,IC50,133000.0,nM,>,,,,,,Outside typical range,,,CHEMBL4028801,3006734,CHEMBL1743128
18131167,CHEMBL4028924,CHEMBL975,IC50,133000.0,nM,>,,,,,,Outside typical range,,,CHEMBL4028801,3006735,CHEMBL1743128
18131168,CHEMBL4028924,CHEMBL1431,IC50,133000.0,nM,>,,,,,,Outside typical range,,,CHEMBL4028801,3006736,CHEMBL1743128
18131169,CHEMBL4028924,CHEMBL1515,IC50,133000.0,nM,>,,,,,,Outside typical range,,,CHEMBL4028801,3006737,CHEMBL1743128
18131170,CHEMBL4028924,CHEMBL34259,IC50,133000.0,nM,>,,,,,,Outside typical range,,,CHEMBL4028801,3006738,CHEMBL1743128
18131171,CHEMBL4028924,CHEMBL86,IC50,133000.0,nM,>,,,,,,Outside typical range,,,CHEMBL4028801,3006739,CHEMBL1743128
18131172,CHEMBL4028924,CHEMBL1259,IC50,133000.0,nM,>,,,,,,Outside typical range,,,CHEMBL4028801,3006740,CHEMBL1743128
18131173,CHEMBL4028924,CHEMBL13,IC50,133000.0,nM,>,,,,,,Outside typical range,,,CHEMBL4028801,3006741,CHEMBL1743128
18131174,CHEMBL4028924,CHEMBL137,IC50,133000.0,nM,>,,,,,,Outside typical range,,,CHEMBL4028801,3006742,CHEMBL1743128
18131175,CHEMBL4028924,CHEMBL558,IC50,133000.0,nM,>,,,,,,Outside typical range,,,CHEMBL4028801,3006743,CHEMBL1743128
18131176,CHEMBL4028924,CHEMBL1561,IC50,133000.0,nM,>,,,,,,Outside typical range,,,CHEMBL4028801,3006744,CHEMBL1743128
18131177,CHEMBL4028924,CHEMBL802,IC50,133000.0,nM,>,,,,,,Outside typical range,,,CHEMBL4028801,3006745,CHEMBL1743128
18131178,CHEMBL4028924,CHEMBL654,IC50,133000.0,nM,>,,,,,,Outside typical range,,,CHEMBL4028801,3006746,CHEMBL1743128
18131179,CHEMBL4028924,CHEMBL245019,IC50,133000.0,nM,>,,,,,,Outside typical range,,,CHEMBL4028801,3006747,CHEMBL1743128
18131180,CHEMBL4028924,CHEMBL86304,IC50,133000.0,nM,>,,,,,,Outside typical range,,,CHEMBL4028801,3006748,CHEMBL1743128
18131181,CHEMBL4028924,CHEMBL1329455,IC50,133000.0,nM,>,,,,,,Outside typical range,,,CHEMBL4028801,3006749,CHEMBL1743128
18131182,CHEMBL4028924,CHEMBL1200735,IC50,133000.0,nM,>,,,,,,Outside typical range,,,CHEMBL4028801,3006750,CHEMBL1743128
18131183,CHEMBL4028924,CHEMBL719,IC50,133000.0,nM,>,,,,,,Outside typical range,,,CHEMBL4028801,3006751,CHEMBL1743128
18131184,CHEMBL4028924,CHEMBL521606,IC50,133000.0,nM,>,,,,,,Outside typical range,,,CHEMBL4028801,3006752,CHEMBL1743128
18131185,CHEMBL4028924,CHEMBL982,IC50,133000.0,nM,>,,,,,,Outside typical range,,,CHEMBL4028801,3006753,CHEMBL1743128
18131186,CHEMBL4028924,CHEMBL80,IC50,133000.0,nM,>,,,,,,Outside typical range,,,CHEMBL4028801,3006754,CHEMBL1743128
18131187,CHEMBL4028924,CHEMBL154,IC50,133000.0,nM,>,,,,,,Outside typical range,,,CHEMBL4028801,3006755,CHEMBL1743128
18131188,CHEMBL4028924,CHEMBL1200656,IC50,133000.0,nM,>,,,,,,Outside typical range,,,CHEMBL4028801,3006756,CHEMBL1743128
18131189,CHEMBL4028924,CHEMBL783,IC50,133000.0,nM,>,,,,,,Outside typical range,,,CHEMBL4028801,3006757,CHEMBL1743128
18131190,CHEMBL4028924,CHEMBL1201731,IC50,133000.0,nM,>,,,,,,Outside typical range,,,CHEMBL4028801,3006758,CHEMBL1743128
18131191,CHEMBL4028924,CHEMBL465026,IC50,133000.0,nM,>,,,,,,Outside typical range,,,CHEMBL4028801,3006759,CHEMBL1743128
18131192,CHEMBL4028924,CHEMBL1201112,IC50,133000.0,nM,>,,,,,,Outside typical range,,,CHEMBL4028801,3006760,CHEMBL1743128
18131193,CHEMBL4028924,CHEMBL4299247,IC50,133000.0,nM,>,,,,,,Outside typical range,,,CHEMBL4028801,3006761,CHEMBL1743128
18131194,CHEMBL4028924,CHEMBL278020,IC50,133000.0,nM,>,,,,,,Outside typical range,,,CHEMBL4028801,3006762,CHEMBL1743128
18131195,CHEMBL4028924,CHEMBL57,IC50,133000.0,nM,>,,,,,,Outside typical range,,,CHEMBL4028801,3006763,CHEMBL1743128
18131196,CHEMBL4028924,CHEMBL284906,IC50,133000.0,nM,>,,,,,,Outside typical range,,,CHEMBL4028801,3006764,CHEMBL1743128
18131197,CHEMBL4028924,CHEMBL3,IC50,133000.0,nM,>,,,,,,Outside typical range,,,CHEMBL4028801,3006765,CHEMBL1743128
18131198,CHEMBL4028924,CHEMBL2104607,IC50,133000.0,nM,>,,,,,,Outside typical range,,,CHEMBL4028801,3006766,CHEMBL1743128
18131199,CHEMBL4028924,CHEMBL56367,IC50,133000.0,nM,>,,,,,,Outside typical range,,,CHEMBL4028801,3006767,CHEMBL1743128
18131200,CHEMBL4028924,CHEMBL1428,IC50,133000.0,nM,>,,,,,,Outside typical range,,,CHEMBL4028801,3006768,CHEMBL1743128
18131201,CHEMBL4028924,CHEMBL1401,IC50,133000.0,nM,>,,,,,,Outside typical range,,,CHEMBL4028801,3006769,CHEMBL1743128
18131202,CHEMBL4028924,CHEMBL13209,IC50,133000.0,nM,>,,,,,,Outside typical range,,,CHEMBL4028801,3006770,CHEMBL1743128
18131203,CHEMBL4028924,CHEMBL9,IC50,133000.0,nM,>,,,,,,Outside typical range,,,CHEMBL4028801,3006771,CHEMBL1743128
18131204,CHEMBL4028924,CHEMBL445,IC50,133000.0,nM,>,,,,,,Outside typical range,,,CHEMBL4028801,3006772,CHEMBL1743128
18131205,CHEMBL4028924,CHEMBL4,IC50,133000.0,nM,>,,,,,,Outside typical range,,,CHEMBL4028801,3006773,CHEMBL1743128
18131206,CHEMBL4028924,CHEMBL715,IC50,133000.0,nM,>,,,,,,Outside typical range,,,CHEMBL4028801,3006774,CHEMBL1743128
18131207,CHEMBL4028924,CHEMBL46,IC50,133000.0,nM,>,,,,,,Outside typical range,,,CHEMBL4028801,3006775,CHEMBL1743128
18131208,CHEMBL4028924,CHEMBL175247,IC50,133000.0,nM,>,,,,,,Outside typical range,,,CHEMBL4028801,3006776,CHEMBL1743128
18131209,CHEMBL4028924,CHEMBL1449676,IC50,133000.0,nM,>,,,,,,Outside typical range,,,CHEMBL4028801,3006777,CHEMBL1743128
18131210,CHEMBL4028924,CHEMBL1200340,IC50,133000.0,nM,>,,,,,,Outside typical range,,,CHEMBL4028801,3006778,CHEMBL1743128
18131211,CHEMBL4028924,CHEMBL693,IC50,133000.0,nM,>,,,,,,Outside typical range,,,CHEMBL4028801,3006779,CHEMBL1743128
18131212,CHEMBL4028924,CHEMBL1068,IC50,133000.0,nM,>,,,,,,Outside typical range,,,CHEMBL4028801,3006780,CHEMBL1743128
18131213,CHEMBL4028924,CHEMBL3185709,IC50,133000.0,nM,>,,,,,,Outside typical range,,,CHEMBL4028801,3006781,CHEMBL1743128
18131214,CHEMBL4028924,CHEMBL1200757,IC50,133000.0,nM,>,,,,,,Outside typical range,,,CHEMBL4028801,3006782,CHEMBL1743128
18131215,CHEMBL4028924,CHEMBL1708,IC50,133000.0,nM,>,,,,,,Outside typical range,,,CHEMBL4028801,3006783,CHEMBL1743128
18131216,CHEMBL4028924,CHEMBL240163,IC50,133000.0,nM,>,,,,,,Outside typical range,,,CHEMBL4028801,3006784,CHEMBL1743128
18131217,CHEMBL4028924,CHEMBL1400945,IC50,133000.0,nM,>,,,,,,Outside typical range,,,CHEMBL4028801,3006785,CHEMBL1743128
18131218,CHEMBL4028924,CHEMBL267648,IC50,133000.0,nM,>,,,,,,Outside typical range,,,CHEMBL4028801,3006786,CHEMBL1743128
18131219,CHEMBL4028924,CHEMBL1201050,IC50,133000.0,nM,>,,,,,,Outside typical range,,,CHEMBL4028801,3006787,CHEMBL1743128
18131220,CHEMBL4028924,CHEMBL1177,IC50,133000.0,nM,>,,,,,,Outside typical range,,,CHEMBL4028801,3006788,CHEMBL1743128
18131221,CHEMBL4028924,CHEMBL55,IC50,133000.0,nM,>,,,,,,Outside typical range,,,CHEMBL4028801,3006789,CHEMBL1743128
18131222,CHEMBL4028924,CHEMBL628,IC50,133000.0,nM,>,,,,,,Outside typical range,,,CHEMBL4028801,3006790,CHEMBL1743128
18131223,CHEMBL4028924,CHEMBL1275,IC50,133000.0,nM,>,,,,,,Outside typical range,,,CHEMBL4028801,3006791,CHEMBL1743128
18131224,CHEMBL4028924,CHEMBL1200343,IC50,133000.0,nM,>,,,,,,Outside typical range,,,CHEMBL4028801,3006792,CHEMBL1743128
18131225,CHEMBL4028924,CHEMBL567,IC50,133000.0,nM,>,,,,,,Outside typical range,,,CHEMBL4028801,3006793,CHEMBL1743128
18131226,CHEMBL4028924,CHEMBL16073,IC50,133000.0,nM,>,,,,,,Outside typical range,,,CHEMBL4028801,3006794,CHEMBL1743128
18131227,CHEMBL4028924,CHEMBL170988,IC50,133000.0,nM,>,,,,,,Outside typical range,,,CHEMBL4028801,3006795,CHEMBL1743128
18131228,CHEMBL4028924,CHEMBL500,IC50,133000.0,nM,>,,,,,,Outside typical range,,,CHEMBL4028801,3006796,CHEMBL1743128
18131229,CHEMBL4028924,CHEMBL36715,IC50,133000.0,nM,>,,,,,,Outside typical range,,,CHEMBL4028801,3006797,CHEMBL1743128
18131230,CHEMBL4028924,CHEMBL1371770,IC50,133000.0,nM,>,,,,,,Outside typical range,,,CHEMBL4028801,3006798,CHEMBL1743128
18131231,CHEMBL4028924,CHEMBL527,IC50,133000.0,nM,>,,,,,,Outside typical range,,,CHEMBL4028801,3006799,CHEMBL1743128
18131232,CHEMBL4028924,CHEMBL18442,IC50,133000.0,nM,>,,,,,,Outside typical range,,,CHEMBL4028801,3006800,CHEMBL1743128
18131233,CHEMBL4028924,CHEMBL690,IC50,133000.0,nM,>,,,,,,Outside typical range,,,CHEMBL4028801,3006801,CHEMBL1743128
18131234,CHEMBL4028924,CHEMBL131,IC50,133000.0,nM,>,,,,,,Outside typical range,,,CHEMBL4028801,3006802,CHEMBL1743128
18131235,CHEMBL4028924,CHEMBL1059,IC50,133000.0,nM,>,,,,,,Outside typical range,,,CHEMBL4028801,3006803,CHEMBL1743128
18131236,CHEMBL4028924,CHEMBL856,IC50,133000.0,nM,>,,,,,,Outside typical range,,,CHEMBL4028801,3006804,CHEMBL1743128
18131237,CHEMBL4028924,CHEMBL897,IC50,133000.0,nM,>,,,,,,Outside typical range,,,CHEMBL4028801,3006805,CHEMBL1743128
18131238,CHEMBL4028924,CHEMBL640,IC50,133000.0,nM,>,,,,,,Outside typical range,,,CHEMBL4028801,3006806,CHEMBL1743128
18131239,CHEMBL4028924,CHEMBL1200410,IC50,133000.0,nM,>,,,,,,Outside typical range,,,CHEMBL4028801,3006807,CHEMBL1743128
18131240,CHEMBL4028924,CHEMBL728,IC50,133000.0,nM,>,,,,,,Outside typical range,,,CHEMBL4028801,3006808,CHEMBL1743128
18131241,CHEMBL4028924,CHEMBL86715,IC50,133000.0,nM,>,,,,,,Outside typical range,,,CHEMBL4028801,3006809,CHEMBL1743128
18131242,CHEMBL4028924,CHEMBL643,IC50,133000.0,nM,>,,,,,,Outside typical range,,,CHEMBL4028801,3006810,CHEMBL1743128
18131243,CHEMBL4028924,CHEMBL631,IC50,133000.0,nM,>,,,,,,Outside typical range,,,CHEMBL4028801,3006811,CHEMBL1743128
18131244,CHEMBL4028924,CHEMBL27,IC50,133000.0,nM,>,,,,,,Outside typical range,,,CHEMBL4028801,3006812,CHEMBL1743128
18131245,CHEMBL4028924,CHEMBL614,IC50,133000.0,nM,>,,,,,,Outside typical range,,,CHEMBL4028801,3006813,CHEMBL1743128
18131246,CHEMBL4028924,CHEMBL170,IC50,133000.0,nM,>,,,,,,Outside typical range,,,CHEMBL4028801,3006814,CHEMBL1743128
18131247,CHEMBL4028924,CHEMBL225071,IC50,133000.0,nM,>,,,,,,Outside typical range,,,CHEMBL4028801,3006815,CHEMBL1743128
18131248,CHEMBL4028924,CHEMBL1218,IC50,133000.0,nM,>,,,,,,Outside typical range,,,CHEMBL4028801,3006816,CHEMBL1743128
18131249,CHEMBL4028924,CHEMBL1168,IC50,133000.0,nM,>,,,,,,Outside typical range,,,CHEMBL4028801,3006817,CHEMBL1743128
18131250,CHEMBL4028924,CHEMBL1790041,IC50,133000.0,nM,>,,,,,,Outside typical range,,,CHEMBL4028801,3006818,CHEMBL1743128
18131251,CHEMBL4028924,CHEMBL53,IC50,133000.0,nM,>,,,,,,Outside typical range,,,CHEMBL4028801,3006819,CHEMBL1743128
18131252,CHEMBL4028924,CHEMBL1201142,IC50,133000.0,nM,>,,,,,,Outside typical range,,,CHEMBL4028801,3006820,CHEMBL1743128
18131253,CHEMBL4028924,CHEMBL22242,IC50,133000.0,nM,>,,,,,,Outside typical range,,,CHEMBL4028801,3006821,CHEMBL1743128
18131254,CHEMBL4028924,CHEMBL1643,IC50,133000.0,nM,>,,,,,,Outside typical range,,,CHEMBL4028801,3006822,CHEMBL1743128
18131255,CHEMBL4028924,CHEMBL744,IC50,133000.0,nM,>,,,,,,Outside typical range,,,CHEMBL4028801,3006823,CHEMBL1743128
18131256,CHEMBL4028924,CHEMBL85,IC50,133000.0,nM,>,,,,,,Outside typical range,,,CHEMBL4028801,3006824,CHEMBL1743128
18131257,CHEMBL4028924,CHEMBL198362,IC50,133000.0,nM,>,,,,,,Outside typical range,,,CHEMBL4028801,3006825,CHEMBL1743128
18131258,CHEMBL4028924,CHEMBL1201032,IC50,133000.0,nM,>,,,,,,Outside typical range,,,CHEMBL4028801,3006826,CHEMBL1743128
18131259,CHEMBL4028924,CHEMBL1200648,IC50,133000.0,nM,>,,,,,,Outside typical range,,,CHEMBL4028801,3006827,CHEMBL1743128
18131260,CHEMBL4028924,CHEMBL11672,IC50,133000.0,nM,>,,,,,,Outside typical range,,,CHEMBL4028801,3006828,CHEMBL1743128
18131261,CHEMBL4028924,CHEMBL1214185,IC50,133000.0,nM,>,,,,,,Outside typical range,,,CHEMBL4028801,3006829,CHEMBL1743128
18131262,CHEMBL4028924,CHEMBL1082607,IC50,133000.0,nM,>,,,,,,Outside typical range,,,CHEMBL4028801,3006830,CHEMBL1743128
18131263,CHEMBL4028924,CHEMBL1201743,IC50,133000.0,nM,>,,,,,,Outside typical range,,,CHEMBL4028801,3006831,CHEMBL1743128
18131264,CHEMBL4028924,CHEMBL1200904,IC50,133000.0,nM,>,,,,,,Outside typical range,,,CHEMBL4028801,3006832,CHEMBL1743128
18131265,CHEMBL4028924,CHEMBL1422,IC50,133000.0,nM,>,,,,,,Outside typical range,,,CHEMBL4028801,3006833,CHEMBL1743128
18131266,CHEMBL4028924,CHEMBL1823872,IC50,133000.0,nM,>,,,,,,Outside typical range,,,CHEMBL4028801,3006834,CHEMBL1743128
18131267,CHEMBL4028924,CHEMBL471,IC50,133000.0,nM,>,,,,,,Outside typical range,,,CHEMBL4028801,3006835,CHEMBL1743128
18131268,CHEMBL4028924,CHEMBL850,IC50,133000.0,nM,>,,,,,,Outside typical range,,,CHEMBL4028801,3006836,CHEMBL1743128
18131269,CHEMBL4028924,CHEMBL453514,IC50,133000.0,nM,>,,,,,,Outside typical range,,,CHEMBL4028801,3006837,CHEMBL1743128
18131270,CHEMBL4028924,CHEMBL991,IC50,133000.0,nM,>,,,,,,Outside typical range,,,CHEMBL4028801,3006838,CHEMBL1743128
18131271,CHEMBL4028924,CHEMBL2107531,IC50,133000.0,nM,>,,,,,,Outside typical range,,,CHEMBL4028801,3006839,CHEMBL1743128
18131272,CHEMBL4028924,CHEMBL3707306,IC50,133000.0,nM,>,,,,,,Outside typical range,,,CHEMBL4028801,3006840,CHEMBL1743128
18131273,CHEMBL4028924,CHEMBL1200416,IC50,133000.0,nM,>,,,,,,Outside typical range,,,CHEMBL4028801,3006841,CHEMBL1743128
18131274,CHEMBL4028924,CHEMBL439,IC50,133000.0,nM,>,,,,,,Outside typical range,,,CHEMBL4028801,3006842,CHEMBL1743128
18131275,CHEMBL4028924,CHEMBL443,IC50,133000.0,nM,>,,,,,,Outside typical range,,,CHEMBL4028801,3006843,CHEMBL1743128
18131276,CHEMBL4028924,CHEMBL453,IC50,133000.0,nM,>,,,,,,Outside typical range,,,CHEMBL4028801,3006844,CHEMBL1743128
18131277,CHEMBL4028924,CHEMBL15770,IC50,133000.0,nM,>,,,,,,Outside typical range,,,CHEMBL4028801,3006845,CHEMBL1743128
18131278,CHEMBL4028924,CHEMBL128,IC50,133000.0,nM,>,,,,,,Outside typical range,,,CHEMBL4028801,3006846,CHEMBL1743128
18131279,CHEMBL4028924,CHEMBL3040216,IC50,133000.0,nM,>,,,,,,Outside typical range,,,CHEMBL4028801,3006847,CHEMBL1743128
18131280,CHEMBL4028924,CHEMBL779,IC50,133000.0,nM,>,,,,,,Outside typical range,,,CHEMBL4028801,3006848,CHEMBL1743128
18131281,CHEMBL4028924,CHEMBL1081506,IC50,133000.0,nM,>,,,,,,Outside typical range,,,CHEMBL4028801,3006849,CHEMBL1743128
18131282,CHEMBL4028924,CHEMBL83,IC50,133000.0,nM,>,,,,,,Outside typical range,,,CHEMBL4028801,3006850,CHEMBL1743128
18131283,CHEMBL4028924,CHEMBL1657,IC50,133000.0,nM,>,,,,,,Outside typical range,,,CHEMBL4028801,3006851,CHEMBL1743128
18131284,CHEMBL4028924,CHEMBL235993,IC50,133000.0,nM,>,,,,,,Outside typical range,,,CHEMBL4028801,3006852,CHEMBL1743128
18131285,CHEMBL4028924,CHEMBL1516474,IC50,133000.0,nM,>,,,,,,Outside typical range,,,CHEMBL4028801,3006853,CHEMBL1743128
18131286,CHEMBL4028924,CHEMBL374731,IC50,133000.0,nM,>,,,,,,Outside typical range,,,CHEMBL4028801,3006854,CHEMBL1743128
18131287,CHEMBL4028924,CHEMBL810,IC50,133000.0,nM,>,,,,,,Outside typical range,,,CHEMBL4028801,3006855,CHEMBL1743128
18131288,CHEMBL4028924,CHEMBL1486,IC50,133000.0,nM,>,,,,,,Outside typical range,,,CHEMBL4028801,3006856,CHEMBL1743128
18131289,CHEMBL4028924,CHEMBL302795,IC50,133000.0,nM,>,,,,,,Outside typical range,,,CHEMBL4028801,3006857,CHEMBL1743128
18131290,CHEMBL4028924,CHEMBL1200832,IC50,133000.0,nM,>,,,,,,Outside typical range,,,CHEMBL4028801,3006858,CHEMBL1743128
18131291,CHEMBL4028924,CHEMBL1760,IC50,133000.0,nM,>,,,,,,Outside typical range,,,CHEMBL4028801,3006859,CHEMBL1743128
18131292,CHEMBL4028924,CHEMBL17157,IC50,133000.0,nM,>,,,,,,Outside typical range,,,CHEMBL4028801,3006860,CHEMBL1743128
18131293,CHEMBL4028924,CHEMBL4088899,IC50,133000.0,nM,>,,,,,,Outside typical range,,,CHEMBL4028801,3006861,CHEMBL1743128
18131294,CHEMBL4028924,CHEMBL1440,IC50,133000.0,nM,>,,,,,,Outside typical range,,,CHEMBL4028801,3006862,CHEMBL1743128
18131295,CHEMBL4028924,CHEMBL964,IC50,133000.0,nM,>,,,,,,Outside typical range,,,CHEMBL4028801,3006863,CHEMBL1743128
18131296,CHEMBL4028924,CHEMBL190,IC50,133000.0,nM,>,,,,,,Outside typical range,,,CHEMBL4028801,3006864,CHEMBL1743128
18131297,CHEMBL4028924,CHEMBL375492,IC50,133000.0,nM,>,,,,,,Outside typical range,,,CHEMBL4028801,3006865,CHEMBL1743128
18131298,CHEMBL4028924,CHEMBL1236282,IC50,133000.0,nM,>,,,,,,Outside typical range,,,CHEMBL4028801,3006866,CHEMBL1743128
18131299,CHEMBL4028924,CHEMBL671,IC50,133000.0,nM,>,,,,,,Outside typical range,,,CHEMBL4028801,3006867,CHEMBL1743128
18131300,CHEMBL4028924,CHEMBL84158,IC50,133000.0,nM,>,,,,,,Outside typical range,,,CHEMBL4028801,3006868,CHEMBL1743128
18131301,CHEMBL4028924,CHEMBL1717,IC50,133000.0,nM,>,,,,,,Outside typical range,,,CHEMBL4028801,3006869,CHEMBL1743128
18131302,CHEMBL4028924,CHEMBL376140,IC50,133000.0,nM,>,,,,,,Outside typical range,,,CHEMBL4028801,3006870,CHEMBL1743128
18131303,CHEMBL4028924,CHEMBL47298,IC50,133000.0,nM,>,,,,,,Outside typical range,,,CHEMBL4028801,3006871,CHEMBL1743128
18131304,CHEMBL4028924,CHEMBL499,IC50,133000.0,nM,>,,,,,,Outside typical range,,,CHEMBL4028801,3006872,CHEMBL1743128
18131305,CHEMBL4028924,CHEMBL1220,IC50,133000.0,nM,>,,,,,,Outside typical range,,,CHEMBL4028801,3006873,CHEMBL1743128
18131306,CHEMBL4028924,CHEMBL1079,IC50,133000.0,nM,>,,,,,,Outside typical range,,,CHEMBL4028801,3006874,CHEMBL1743128
18131307,CHEMBL4028924,CHEMBL1747,IC50,133000.0,nM,>,,,,,,Outside typical range,,,CHEMBL4028801,3006875,CHEMBL1743128
18131308,CHEMBL4028924,CHEMBL782,IC50,133000.0,nM,>,,,,,,Outside typical range,,,CHEMBL4028801,3006876,CHEMBL1743128
18131309,CHEMBL4028924,CHEMBL83668,IC50,133000.0,nM,>,,,,,,Outside typical range,,,CHEMBL4028801,3006877,CHEMBL1743128
18131310,CHEMBL4028924,CHEMBL1722209,IC50,133000.0,nM,>,,,,,,Outside typical range,,,CHEMBL4028801,3006878,CHEMBL1743128
18131311,CHEMBL4028924,CHEMBL220492,IC50,133000.0,nM,>,,,,,,Outside typical range,,,CHEMBL4028801,3006879,CHEMBL1743128
18131312,CHEMBL4028924,CHEMBL1519,IC50,133000.0,nM,>,,,,,,Outside typical range,,,CHEMBL4028801,3006880,CHEMBL1743128
18131313,CHEMBL4028924,CHEMBL621,IC50,133000.0,nM,>,,,,,,Outside typical range,,,CHEMBL4028801,3006881,CHEMBL1743128
18131314,CHEMBL4028924,CHEMBL1200798,IC50,133000.0,nM,>,,,,,,Outside typical range,,,CHEMBL4028801,3006882,CHEMBL1743128
18131315,CHEMBL4028924,CHEMBL38,IC50,133000.0,nM,>,,,,,,Outside typical range,,,CHEMBL4028801,3006883,CHEMBL1743128
18131316,CHEMBL4028924,CHEMBL1504,IC50,133000.0,nM,>,,,,,,Outside typical range,,,CHEMBL4028801,3006884,CHEMBL1743128
18131317,CHEMBL4028924,CHEMBL1200449,IC50,133000.0,nM,>,,,,,,Outside typical range,,,CHEMBL4028801,3006885,CHEMBL1743128
18131318,CHEMBL4028924,CHEMBL585,IC50,133000.0,nM,>,,,,,,Outside typical range,,,CHEMBL4028801,3006886,CHEMBL1743128
18131319,CHEMBL4028924,CHEMBL1200907,IC50,133000.0,nM,>,,,,,,Outside typical range,,,CHEMBL4028801,3006887,CHEMBL1743128
18131320,CHEMBL4028924,CHEMBL22,IC50,133000.0,nM,>,,,,,,Outside typical range,,,CHEMBL4028801,3006888,CHEMBL1743128
18131321,CHEMBL4028924,CHEMBL1236433,IC50,133000.0,nM,>,,,,,,Outside typical range,,,CHEMBL4028801,3006889,CHEMBL1743128
18131322,CHEMBL4028924,CHEMBL279229,IC50,133000.0,nM,>,,,,,,Outside typical range,,,CHEMBL4028801,3006890,CHEMBL1743128
18131323,CHEMBL4028924,CHEMBL1201110,IC50,133000.0,nM,>,,,,,,Outside typical range,,,CHEMBL4028801,3006891,CHEMBL1743128
18131324,CHEMBL4028924,CHEMBL865,IC50,133000.0,nM,>,,,,,,Outside typical range,,,CHEMBL4028801,3006892,CHEMBL1743128
18131325,CHEMBL4028924,CHEMBL1069,IC50,133000.0,nM,>,,,,,,Outside typical range,,,CHEMBL4028801,3006893,CHEMBL1743128
18131326,CHEMBL4028924,CHEMBL5303393,IC50,133000.0,nM,>,,,,,,Outside typical range,,,CHEMBL4028801,3006894,CHEMBL1743128
18131327,CHEMBL4028924,CHEMBL1200629,IC50,133000.0,nM,>,,,,,,Outside typical range,,,CHEMBL4028801,3006895,CHEMBL1743128
18131328,CHEMBL4028924,CHEMBL637,IC50,133000.0,nM,>,,,,,,Outside typical range,,,CHEMBL4028801,3006896,CHEMBL1743128
18131329,CHEMBL4028924,CHEMBL6966,IC50,133000.0,nM,>,,,,,,Outside typical range,,,CHEMBL4028801,3006897,CHEMBL1743128
18131330,CHEMBL4028924,CHEMBL89598,IC50,133000.0,nM,>,,,,,,Outside typical range,,,CHEMBL4028801,3006898,CHEMBL1743128
18131331,CHEMBL4028924,CHEMBL142703,IC50,133000.0,nM,>,,,,,,Outside typical range,,,CHEMBL4028801,3006899,CHEMBL1743128
18131332,CHEMBL4028924,CHEMBL501867,IC50,133000.0,nM,>,,,,,,Outside typical range,,,CHEMBL4028801,3006900,CHEMBL1743128
18131333,CHEMBL4028924,CHEMBL122,IC50,133000.0,nM,>,,,,,,Outside typical range,,,CHEMBL4028801,3006901,CHEMBL1743128
18131334,CHEMBL4028924,CHEMBL476960,IC50,133000.0,nM,>,,,,,,Outside typical range,,,CHEMBL4028801,3006902,CHEMBL1743128
18131335,CHEMBL4028924,CHEMBL638,IC50,133000.0,nM,>,,,,,,Outside typical range,,,CHEMBL4028801,3006903,CHEMBL1743128
18131336,CHEMBL4028924,CHEMBL98,IC50,133000.0,nM,>,,,,,,Outside typical range,,,CHEMBL4028801,3006904,CHEMBL1743128
18131337,CHEMBL4028924,CHEMBL1200879,IC50,133000.0,nM,>,,,,,,Outside typical range,,,CHEMBL4028801,3006905,CHEMBL1743128
18131338,CHEMBL4028924,CHEMBL75753,IC50,133000.0,nM,>,,,,,,Outside typical range,,,CHEMBL4028801,3006906,CHEMBL1743128
18131339,CHEMBL4028924,CHEMBL853,IC50,133000.0,nM,>,,,,,,Outside typical range,,,CHEMBL4028801,3006907,CHEMBL1743128
18131340,CHEMBL4028924,CHEMBL1521,IC50,133000.0,nM,>,,,,,,Outside typical range,,,CHEMBL4028801,3006908,CHEMBL1743128
18131341,CHEMBL4028924,CHEMBL129,IC50,133000.0,nM,>,,,,,,Outside typical range,,,CHEMBL4028801,3006909,CHEMBL1743128
18131342,CHEMBL4028924,CHEMBL93,IC50,133000.0,nM,>,,,,,,Outside typical range,,,CHEMBL4028801,3006910,CHEMBL1743128
18131343,CHEMBL4028924,CHEMBL1200997,IC50,133000.0,nM,>,,,,,,Outside typical range,,,CHEMBL4028801,3006911,CHEMBL1743128
18131344,CHEMBL4028924,CHEMBL4303669,IC50,133000.0,nM,>,,,,,,Outside typical range,,,CHEMBL4028801,3006912,CHEMBL1743128
18131345,CHEMBL4028924,CHEMBL1185,IC50,133000.0,nM,>,,,,,,Outside typical range,,,CHEMBL4028801,3006913,CHEMBL1743128
18131346,CHEMBL4028924,CHEMBL1723343,IC50,133000.0,nM,>,,,,,,Outside typical range,,,CHEMBL4028801,3006914,CHEMBL1743128
18131912,CHEMBL4028924,CHEMBL750,IC50,133000.0,nM,>,,,,,,Outside typical range,,,CHEMBL4028801,3006915,CHEMBL1743128
18131913,CHEMBL4028924,CHEMBL135400,IC50,133000.0,nM,>,,,,,,Outside typical range,,,CHEMBL4028801,3006916,CHEMBL1743128
18131914,CHEMBL4028924,CHEMBL1518,IC50,133000.0,nM,>,,,,,,Outside typical range,,,CHEMBL4028801,3006917,CHEMBL1743128
18131915,CHEMBL4028924,CHEMBL1483,IC50,133000.0,nM,>,,,,,,Outside typical range,,,CHEMBL4028801,3006918,CHEMBL1743128
18131916,CHEMBL4028924,CHEMBL1200396,IC50,133000.0,nM,>,,,,,,Outside typical range,,,CHEMBL4028801,3006919,CHEMBL1743128
18131917,CHEMBL4028924,CHEMBL1389,IC50,133000.0,nM,>,,,,,,Outside typical range,,,CHEMBL4028801,3006920,CHEMBL1743128
18131918,CHEMBL4028924,CHEMBL3140361,IC50,133000.0,nM,>,,,,,,Outside typical range,,,CHEMBL4028801,3006921,CHEMBL1743128
18131919,CHEMBL4028924,CHEMBL696,IC50,133000.0,nM,>,,,,,,Outside typical range,,,CHEMBL4028801,3006922,CHEMBL1743128
18131920,CHEMBL4028924,CHEMBL126,IC50,133000.0,nM,>,,,,,,Outside typical range,,,CHEMBL4028801,3006923,CHEMBL1743128
18131921,CHEMBL4028924,CHEMBL1200881,IC50,133000.0,nM,>,,,,,,Outside typical range,,,CHEMBL4028801,3006924,CHEMBL1743128
18131922,CHEMBL4028924,CHEMBL1200820,IC50,133000.0,nM,>,,,,,,Outside typical range,,,CHEMBL4028801,3006925,CHEMBL1743128
18131923,CHEMBL4028924,CHEMBL301265,IC50,133000.0,nM,>,,,,,,Outside typical range,,,CHEMBL4028801,3006926,CHEMBL1743128
18131924,CHEMBL4028924,CHEMBL3188993,IC50,133000.0,nM,>,,,,,,Outside typical range,,,CHEMBL4028801,3006927,CHEMBL1743128
18131925,CHEMBL4028924,CHEMBL4065982,IC50,133000.0,nM,>,,,,,,Outside typical range,,,CHEMBL4028801,3006928,CHEMBL1743128
18131926,CHEMBL4028924,CHEMBL403,IC50,133000.0,nM,>,,,,,,Outside typical range,,,CHEMBL4028801,3006929,CHEMBL1743128
18131927,CHEMBL4028924,CHEMBL493636,IC50,133000.0,nM,>,,,,,,Outside typical range,,,CHEMBL4028801,3006930,CHEMBL1743128
18131928,CHEMBL4028924,CHEMBL611,IC50,36800.0,nM,=,,,,4.43,,,,,CHEMBL4028801,3006931,CHEMBL1743128
18131929,CHEMBL4028924,CHEMBL4059722,IC50,,,,,,,,Not Determined,,,,CHEMBL4028801,3006932,CHEMBL1743128
18131930,CHEMBL4028924,CHEMBL1425,IC50,,,,,,,,Not Determined,,,,CHEMBL4028801,3006933,CHEMBL1743128
18131931,CHEMBL4028924,CHEMBL1723,IC50,,,,,,,,Not Determined,,,,CHEMBL4028801,3006934,CHEMBL1743128
18131932,CHEMBL4028924,CHEMBL3545059,IC50,,,,,,,,Not Determined,,,,CHEMBL4028801,3006935,CHEMBL1743128
18131933,CHEMBL4028924,CHEMBL1430,IC50,,,,,,,,Not Determined,,,,CHEMBL4028801,3006936,CHEMBL1743128
18131934,CHEMBL4028924,CHEMBL43708,IC50,,,,,,,,Not Determined,,,,CHEMBL4028801,3006937,CHEMBL1743128
18131935,CHEMBL4028924,CHEMBL741,IC50,,,,,,,,Not Determined,,,,CHEMBL4028801,3006938,CHEMBL1743128
18131936,CHEMBL4028924,CHEMBL1444,IC50,,,,,,,,Not Determined,,,,CHEMBL4028801,3006939,CHEMBL1743128
18131937,CHEMBL4028924,CHEMBL1580,IC50,,,,,,,,Not Determined,,,,CHEMBL4028801,3006940,CHEMBL1743128
18131938,CHEMBL4028924,CHEMBL1003,IC50,,,,,,,,Not Determined,,,,CHEMBL4028801,3006941,CHEMBL1743128
18131939,CHEMBL4028924,CHEMBL213907,IC50,,,,,,,,Not Determined,,,,CHEMBL4028801,3006942,CHEMBL1743128
18131940,CHEMBL4028924,CHEMBL589973,IC50,13500.0,nM,=,,,,4.87,,,,,CHEMBL4028801,3006946,CHEMBL1743128
24366048,CHEMBL5035870,CHEMBL4297270,IC50,6200.0,nM,=,,,,5.21,,,,,CHEMBL5034035,3775602,CHEMBL1743128
24366049,CHEMBL5035870,CHEMBL5072201,IC50,16000.0,nM,=,,,,4.80,,,,,CHEMBL5034035,3775603,CHEMBL1743128
24366050,CHEMBL5035870,CHEMBL5087506,IC50,47000.0,nM,=,,,,4.33,,,,,CHEMBL5034035,3775604,CHEMBL1743128
